"iteration","mods","coefs","se","zval","pval","ci.lb","ci.ub"
0,"intrcpt",-0.0148624432417715,0.0992003628775359,-0.149822468493581,0.880904682143476,-0.209291581735046,0.179566695251503
0,"spray_managementEarly",0.0433566105745876,0.0537166809826806,0.807134949170942,0.419588738645102,-0.0619261495204939,0.148639370669669
0,"spray_managementLate_plus",0.0832730854880655,0.0375620835901225,2.21694532169039,0.0266268281898785,0.00965275446714232,0.156893416508989
0,"spray_managementRecommended",0.0446068756386236,0.0233827402184956,1.9076838395245,0.056432091667387,-0.00122245304948398,0.0904362043267311
0,"spray_managementRecommended_plus",0.0678939709498265,0.0297202570479771,2.28443417700681,0.0223460268981721,0.00964333752451872,0.126144604375134
1,"intrcpt",-0.0209796428599653,0.0997308223089409,-0.210362677999141,0.833384619533795,-0.216448462734053,0.174489177014123
1,"spray_managementEarly",0.0449828700267366,0.0540471150033327,0.832289938583453,0.405245308394194,-0.0609475288480899,0.150913268901563
1,"spray_managementLate_plus",0.126704809686342,0.0365422878140193,3.46734748331033,0.000525621930105335,0.0550832416581668,0.198326377714516
1,"spray_managementRecommended",0.0458555826569046,0.0238050585731517,1.92629572895159,0.0540674584311221,-0.000801474796339255,0.0925126401101485
1,"spray_managementRecommended_plus",0.0744781046764297,0.0304288189278795,2.44761733450625,0.0143804293934015,0.0148387154856952,0.134117493867164
2,"intrcpt",-0.0150559943472831,0.0996578246967827,-0.151076891283672,0.879915061335277,-0.210381741530583,0.180269752836017
2,"spray_managementEarly",0.0425220533589921,0.0535549777468343,0.793988815754958,0.427201942401686,-0.0624437742176472,0.147487880935631
2,"spray_managementLate_plus",0.113155944005027,0.0361666564829326,3.12873665992394,0.00175559570838767,0.0422705998572472,0.184041288152807
2,"spray_managementRecommended",0.0398301758093093,0.0232223941947927,1.71516233318615,0.0863154686352207,-0.00568488044727651,0.0853452320658951
2,"spray_managementRecommended_plus",0.0643831542985882,0.0289400540565092,2.22470746505421,0.0261008828106652,0.00766169063718799,0.121104617959989
3,"intrcpt",-0.0131880836283227,0.0995453559390198,-0.132483163116133,0.89460213952111,-0.208293396097022,0.181917228840376
3,"spray_managementEarly",0.045774033998286,0.052893527549801,0.865399532205301,0.386819537674752,-0.0578953750146011,0.149443443011173
3,"spray_managementLate_plus",0.0533989294719134,0.0336063573877044,1.58895321072347,0.112070956575752,-0.0124683206595687,0.119266179603396
3,"spray_managementRecommended",0.0519666057386541,0.0235836093953044,2.20350519157601,0.0275591614638526,0.00574358069839696,0.0981896307789112
3,"spray_managementRecommended_plus",0.0628319372026927,0.0258441378608557,2.43118720156108,0.0150494366590945,0.0121783577839274,0.113485516621458
4,"intrcpt",-0.0306862747415671,0.0997783091420998,-0.307544545557142,0.758428922312505,-0.226248167098386,0.164875617615252
4,"spray_managementEarly",0.0490670505357864,0.0548684534800014,0.894267059188583,0.371179020236096,-0.0584731421724277,0.156607243244
4,"spray_managementLate_plus",0.133353891255491,0.0372924912455172,3.57589119958621,0.000349036802584377,0.0602619515205018,0.20644583099048
4,"spray_managementRecommended",0.0608001965521146,0.0232561029913685,2.61437595863248,0.0089390612641312,0.0152190722682781,0.106381320835951
4,"spray_managementRecommended_plus",0.0883093615755175,0.0323505788445176,2.72976140550521,0.00633801782830032,0.0249033921612397,0.151715330989795
5,"intrcpt",-0.0140902073131942,0.0996431308875777,-0.141406710002835,0.887548653720372,-0.209387155159657,0.181206740533269
5,"spray_managementEarly",0.0462873177719589,0.0529028546581916,0.874949340088052,0.381601470880477,-0.0574003720374536,0.149975007581371
5,"spray_managementLate_plus",0.0544703464825557,0.0328696147582823,1.6571641281202,0.0974862968112465,-0.00995291462938379,0.118893607594495
5,"spray_managementRecommended",0.0530762136471306,0.0233954028298207,2.26865995995921,0.0232890122862709,0.00722206669687551,0.0989303605973857
5,"spray_managementRecommended_plus",0.0640624473888192,0.0256606304118015,2.49652663869693,0.0125416248439395,0.013768535961095,0.114356358816543
6,"intrcpt",-0.046063366305806,0.0994276231600038,-0.46328540139875,0.643159808466271,-0.240937926767834,0.148811194156222
6,"spray_managementEarly",0.0564429860288794,0.0571460951292502,0.987696287930426,0.32330141303424,-0.0555613022815508,0.168447274339309
6,"spray_managementLate_plus",0.0864448109340098,0.0403696253718396,2.14133299820787,0.0322471938872676,0.00732179913582987,0.16556782273219
6,"spray_managementRecommended",0.0973683033834847,0.0296134728911011,3.28797313781944,0.00100911467432823,0.0393269630597733,0.155409643707196
6,"spray_managementRecommended_plus",0.112784715244385,0.0386076978254322,2.92130123257674,0.00348572619105389,0.0371150179805328,0.188454412508238
7,"intrcpt",-0.0112801572808722,0.0999110973987214,-0.112901945575232,0.910108293849329,-0.20710230983824,0.184541995276495
7,"spray_managementEarly",0.0442114072263891,0.0529430664072002,0.835074547559195,0.403675736399334,-0.0595550961628356,0.147977910615614
7,"spray_managementLate_plus",0.0512158478858209,0.0369569224253676,1.38582556459479,0.165800174167164,-0.0212183890473403,0.123650084818982
7,"spray_managementRecommended",0.0495090455813545,0.0232472149644679,2.12967642175746,0.0331983368907176,0.0039453415101369,0.0950727496525721
7,"spray_managementRecommended_plus",0.0591570477987693,0.0261794821496241,2.25967219140042,0.0238416034433702,0.00784620565159681,0.110467889945942
8,"intrcpt",-0.0146198287018574,0.0992122343334707,-0.147359131664321,0.882848561515424,-0.209072234821208,0.179832577417493
8,"spray_managementEarly",0.0439683331236408,0.0534987301983584,0.821857508778591,0.411157998741412,-0.060887251283767,0.148823917531049
8,"spray_managementLate_plus",0.0763242574584039,0.0376499801716166,2.02720578099913,0.0426413721978491,0.00253165230338821,0.15011686261342
8,"spray_managementRecommended",0.0451441917533013,0.0229513963416579,1.96694750425108,0.0491892631347199,0.000160281528747461,0.0901281019778552
8,"spray_managementRecommended_plus",0.067434753341624,0.028722606887274,2.34779362494085,0.0188849816779945,0.0111394783004648,0.123730028382783
9,"intrcpt",-0.0507039472181927,0.0997635661176128,-0.508241126408985,0.611284252267944,-0.246236943777994,0.144829049341609
9,"spray_managementEarly",0.0566800628817168,0.057311569655872,0.988981164223086,0.322672357432762,-0.0556485495412509,0.169008675304685
9,"spray_managementLate_plus",0.154965162015532,0.0394664680931001,3.92650190156298,8.61902112415253e-05,0.0776123059560567,0.232318018075007
9,"spray_managementRecommended",0.0837070344443917,0.0286750649874782,2.91915761937923,0.00350978709385521,0.0275049398145889,0.139909129074195
9,"spray_managementRecommended_plus",0.120400284672861,0.0388845141198356,3.09635564178088,0.00195915230103005,0.0441880374416443,0.196612531904078
10,"intrcpt",-0.0271075557986003,0.102016643450983,-0.2657169936357,0.790457174711559,-0.227056502786191,0.17284139118899
10,"spray_managementEarly",0.0477666638123503,0.0557325861659028,0.857068855017067,0.391406832466618,-0.0614671978380943,0.157000525462795
10,"spray_managementLate_plus",0.134878068434724,0.0382711649000625,3.52427392233634,0.000424645012677447,0.0598679635842083,0.20988817328524
10,"spray_managementRecommended",0.0610522643280898,0.0271494499390769,2.24874774498528,0.0245285496585521,0.00784032024742592,0.114264208408754
10,"spray_managementRecommended_plus",0.0931034406275337,0.0360718504346249,2.58105529674088,0.0098498803157851,0.0224039129199533,0.163802968335114
11,"intrcpt",-0.0292345964216625,0.102213297539235,-0.286015588240275,0.774866182376742,-0.229568978339639,0.171099785496314
11,"spray_managementEarly",0.0469798901277501,0.0549480241925759,0.854987796523857,0.392557903689679,-0.0607162583113343,0.154676038566834
11,"spray_managementLate_plus",0.135872442236365,0.0371952953695768,3.65294698929853,0.00025924776705872,0.0629710029176651,0.208773881555065
11,"spray_managementRecommended",0.0590484120877605,0.0215170644199518,2.74425966922363,0.00606475438185596,0.0168757407716267,0.101221083403894
11,"spray_managementRecommended_plus",0.0831146267049027,0.032592238952026,2.5501355346358,0.0107681047884756,0.0192350121834082,0.146994241226397
12,"intrcpt",-0.0248694038635589,0.099199090149075,-0.250701935130509,0.802044564434969,-0.219296047854888,0.16955724012777
12,"spray_managementEarly",0.0469865830185875,0.0544150258647642,0.863485448584764,0.387870616595461,-0.0596649078941659,0.153638073931341
12,"spray_managementLate_plus",0.119966177246592,0.037125771335521,3.23134504499334,0.00123209108224372,0.0472010025307011,0.192731351962482
12,"spray_managementRecommended",0.0502543207036923,0.0244087031472183,2.0588689370586,0.0395067955184034,0.00241414162581496,0.0980944997815696
12,"spray_managementRecommended_plus",0.0831676339956098,0.0317737394727273,2.61749593770654,0.0088577542612959,0.0208922489749056,0.145443019016314
13,"intrcpt",-0.023174186060251,0.0990133317273226,-0.234051169231145,0.814945254364505,-0.21723675023512,0.170888378114618
13,"spray_managementEarly",0.0487494916348351,0.0541469655403237,0.900318072275554,0.367951006240061,-0.0573766106963308,0.154875593966001
13,"spray_managementLate_plus",0.0664082661921464,0.0398064869160648,1.66827749286626,0.0952606537353684,-0.0116110145144055,0.144427546898698
13,"spray_managementRecommended",0.0598092653559347,0.0242936601924049,2.46192895110278,0.0138192038945334,0.0121945663261667,0.107423964385703
13,"spray_managementRecommended_plus",0.0825733306443317,0.0307169649462515,2.68819952716092,0.0071838456649711,0.0223691856352995,0.142777475653364
14,"intrcpt",-0.00316132768806363,0.100726511940654,-0.0313852592247631,0.97496229679546,-0.20058166338009,0.194259008003962
14,"spray_managementEarly",0.0420618429875485,0.0521521877092553,0.806521161145535,0.419942411561002,-0.0601545666375644,0.144278252612661
14,"spray_managementLate_plus",0.0430977192943252,0.0281624137371677,1.53032760957724,0.125935657499026,-0.0120995973482396,0.09829503593689
14,"spray_managementRecommended",0.0457957007486995,0.0230578913511224,1.98611833369014,0.0470201860058171,0.000603064141061989,0.0909883373563371
14,"spray_managementRecommended_plus",0.0451981545245045,0.0224138031932882,2.01653214025003,0.0437443608800534,0.00126790750909077,0.0891284015399181
15,"intrcpt",-0.0359915691066606,0.0994683635936477,-0.361839360841351,0.717472076599039,-0.230945979351345,0.158962841138024
15,"spray_managementEarly",0.0500551305901926,0.0560599255622959,0.892886140823884,0.371918149704598,-0.0598203044879037,0.159930565668289
15,"spray_managementLate_plus",0.141528885036117,0.0385195179339609,3.67421225984081,0.000238584338903639,0.0660320171837089,0.217025752888525
15,"spray_managementRecommended",0.0660504705124469,0.0278172667541748,2.37444142503807,0.0175755245904053,0.0115296295259209,0.120571311498973
15,"spray_managementRecommended_plus",0.0989404534404953,0.0366703259301034,2.69810673701357,0.00697350774863762,0.0270679353161474,0.170812971564843
16,"intrcpt",-0.0135873097307979,0.0993380228118269,-0.136778540041369,0.891205846767709,-0.208286256737397,0.181111637275801
16,"spray_managementEarly",0.0431417463814245,0.0534138721849787,0.807688052122853,0.419270183330789,-0.0615475193759595,0.147831012138809
16,"spray_managementLate_plus",0.0845559035663261,0.0369483079700306,2.28849190157533,0.0221088911919737,0.012138550655372,0.15697325647728
16,"spray_managementRecommended",0.0425559999439898,0.0229896401963611,1.85109464874208,0.0641559378183183,-0.00250286685841231,0.0876148667463919
16,"spray_managementRecommended_plus",0.0646319987464375,0.0284447034547688,2.27219801567669,0.0230745530793072,0.00888140442416859,0.120382593068706
17,"intrcpt",-0.0203561752411349,0.0994611635201623,-0.204664559720422,0.837834211484693,-0.215296473601102,0.174584123118832
17,"spray_managementEarly",0.0449648524992141,0.053955312732704,0.833372104096053,0.404634902403564,-0.0607856172314811,0.150715322229909
17,"spray_managementLate_plus",0.12126446705251,0.0365258211939429,3.31996552270862,0.000900285658019656,0.0496751730066323,0.192853761098388
17,"spray_managementRecommended",0.0445056699674695,0.0236978468987541,1.87804698703702,0.0603747375316365,-0.00194125646523263,0.0909525964001717
17,"spray_managementRecommended_plus",0.074445334470185,0.0302810942530616,2.45847570262948,0.0139528217721654,0.0150954803217215,0.133795188618649
18,"intrcpt",-0.00793949164843613,0.0999974186615237,-0.0793969659887934,0.936716881815255,-0.203930830771996,0.188051847475124
18,"spray_managementEarly",0.0388926359177853,0.0530319437252929,0.733381301640579,0.463325900348223,-0.0650480638139437,0.142833335649514
18,"spray_managementLate_plus",0.115124972087102,0.0355759785453296,3.23603107474371,0.00121204188664146,0.0453973354234866,0.184852608750718
18,"spray_managementRecommended",0.0310911400688019,0.0226771705605735,1.37103259799337,0.170364794430006,-0.0133552975011941,0.0755375776387978
18,"spray_managementRecommended_plus",0.0503226253672103,0.0274786594872025,1.83133479967052,0.0670505865100954,-0.00353455757114646,0.104179808305567
19,"intrcpt",-0.0377752878560667,0.0990228237027941,-0.381480616725746,0.70284665140008,-0.231856455961002,0.156305880248869
19,"spray_managementEarly",0.0524943944712089,0.0558361995203563,0.940149847628345,0.347140702860219,-0.0569425456222821,0.1619313345647
19,"spray_managementLate_plus",0.113407685537324,0.0395468545883475,2.86767902827699,0.00413494788726628,0.03589727484232,0.190918096232328
19,"spray_managementRecommended",0.0716319784933835,0.0270440243072946,2.64871742753397,0.00807978569551818,0.0186266648540603,0.124637292132707
19,"spray_managementRecommended_plus",0.1035606207614,0.0353762959027914,2.92740147374301,0.0034180734059429,0.0342243548854973,0.172896886637303
20,"intrcpt",-0.0411916106358181,0.0993666980725457,-0.414541405066564,0.678477650356868,-0.235946760120673,0.153563538849037
20,"spray_managementEarly",0.0536038600361964,0.0559589104629486,0.957914648314828,0.338105799325492,-0.0560735890852845,0.163281309157677
20,"spray_managementLate_plus",0.143246947491322,0.0383489962684664,3.73535063313016,0.000187453817186684,0.0680842959618671,0.218409599020777
20,"spray_managementRecommended",0.0709230478925934,0.026711550346443,2.65514532001089,0.00792742495118697,0.0185693712423367,0.12327672454285
20,"spray_managementRecommended_plus",0.107251044721301,0.035788421514943,2.99680846992707,0.00272822062973361,0.0371070274884746,0.177395061954128
21,"intrcpt",-0.0391604786500358,0.0990501606232002,-0.395360072145742,0.692577171611393,-0.233295226134416,0.154974268834344
21,"spray_managementEarly",0.0532828664007504,0.0558595468654296,0.953872155982814,0.340148359290805,-0.056199833648219,0.16276556644972
21,"spray_managementLate_plus",0.116335185714612,0.039422514865557,2.95098336854844,0.00316763972986384,0.0390684763981257,0.193601895031099
21,"spray_managementRecommended",0.0725951798738496,0.0268486822041996,2.70386379941189,0.00685383759303423,0.0199727297212568,0.125217630026442
21,"spray_managementRecommended_plus",0.105770575107786,0.0353319068525987,2.99362770169894,0.0027568211338659,0.0365213101715688,0.175019840044004
22,"intrcpt",-0.0378804532292606,0.0990314499106568,-0.382509326718282,0.702083612210598,-0.23197852839093,0.156217621932409
22,"spray_managementEarly",0.0543560580699054,0.0557508737069894,0.974981277523743,0.329569547094751,-0.0549136465024349,0.163625762642246
22,"spray_managementLate_plus",0.0790054830316704,0.04070263705271,1.94104089445994,0.0522533172855541,-0.000770219667446781,0.158781185730788
22,"spray_managementRecommended",0.0820348194342166,0.0273390306697773,3.00064842916703,0.00269405417074096,0.0284513039492171,0.135618334919216
22,"spray_managementRecommended_plus",0.103578968920437,0.0350668163328294,2.95376027117313,0.00313927765481705,0.03484927185561,0.172308665985263
23,"intrcpt",-0.0449616327841778,0.0992145627887798,-0.453175738725954,0.650422200981536,-0.239418602592074,0.149495337023718
23,"spray_managementEarly",0.0551535489878114,0.0565320812452985,0.975615044995327,0.32925526608602,-0.0556472942240659,0.165954392199689
23,"spray_managementLate_plus",0.128551217749297,0.0396652252185538,3.24090477341261,0.00119150979315751,0.0508088048822618,0.206293630616332
23,"spray_managementRecommended",0.0796757623991825,0.0280392508979843,2.84157956605432,0.00448906486803027,0.0247198404856508,0.134631684312714
23,"spray_managementRecommended_plus",0.112970861160566,0.0369277310067838,3.05924187813793,0.00221897914138341,0.0405938383564863,0.185347883964645
24,"intrcpt",-0.00865411628698868,0.0995902676925063,-0.0868972088086863,0.930753218177218,-0.203847454175004,0.186539221601026
24,"spray_managementEarly",0.0420449699281404,0.0529490988211862,0.794063938087596,0.427158210074103,-0.0617333567752368,0.145823296631518
24,"spray_managementLate_plus",0.0572613043738035,0.0375045389287918,1.52678331768117,0.126814901207687,-0.0162462411834089,0.130768849931016
24,"spray_managementRecommended",0.0429601000100957,0.0224352355866954,1.91484951624809,0.0555116975649853,-0.00101215372449871,0.08693235374469
24,"spray_managementRecommended_plus",0.0556844207327108,0.0266565895220837,2.08895517885283,0.0367117580440956,0.0034384653187589,0.107930376146663
25,"intrcpt",-0.0181103633039494,0.0993852885475012,-0.182223783505881,0.855407108921974,-0.212901949450173,0.176681222842274
25,"spray_managementEarly",0.0453979732620999,0.0537624430755446,0.844417974055023,0.398435881897469,-0.0599744788868524,0.150770425411052
25,"spray_managementLate_plus",0.0813044534823616,0.0378074828496919,2.15048575980572,0.03151681120018,0.00720314875084968,0.155405758213874
25,"spray_managementRecommended",0.0496287386256301,0.0231730507442343,2.1416575302662,0.0322210506118308,0.0042103937550118,0.0950470834962485
25,"spray_managementRecommended_plus",0.072596055534186,0.0292064780340837,2.48561485056388,0.0129327848537188,0.0153524104721218,0.12983970059625
26,"intrcpt",-0.0321258816089402,0.0988253211929694,-0.325077431787044,0.745122468983193,-0.225819951907763,0.161568188689883
26,"spray_managementEarly",0.05113788007355,0.0552425001562261,0.925698147783533,0.354602870723344,-0.0571354306486014,0.159411190795701
26,"spray_managementLate_plus",0.0841480790182943,0.0408411971896133,2.06037248682061,0.0393629450546966,0.00410080344115388,0.164195354595435
26,"spray_managementRecommended",0.0687437308921952,0.0256051401534329,2.68476292182992,0.00725812705597175,0.0185585783723663,0.118928883412024
26,"spray_managementRecommended_plus",0.0965612774483265,0.0338731682516538,2.85067156195559,0.00436270076142975,0.0301710876328195,0.162951467263833
27,"intrcpt",-0.0089632019232055,0.0997034045799619,-0.0898986545240492,0.928367750358585,-0.204378284035957,0.186451880189546
27,"spray_managementEarly",0.0400239414218943,0.0530725170551046,0.754136861086462,0.450767045563488,-0.0639962805749984,0.144044163418787
27,"spray_managementLate_plus",0.101349615553111,0.0357736396262705,2.83308091130555,0.00461017152121879,0.0312345702897058,0.171464660816516
27,"spray_managementRecommended",0.0345119221793631,0.0227471553630156,1.51719727713628,0.129216883581335,-0.0100716830828846,0.0790955274416108
27,"spray_managementRecommended_plus",0.0533551024806574,0.0274551588867396,1.94335435102607,0.0519733587522855,-0.000456020127176916,0.107166225088492
28,"intrcpt",-0.0434944126534769,0.099198498310705,-0.438458377840012,0.661054035969317,-0.237919896662916,0.150931071355962
28,"spray_managementEarly",0.0547338348707773,0.0570039385636345,0.960176371141039,0.336966456849292,-0.0569918316908802,0.166459501432435
28,"spray_managementLate_plus",0.081150797769583,0.0441103332505473,1.83972307143193,0.0658089045648857,-0.00530386674754922,0.167605462286715
28,"spray_managementRecommended",0.0919014811593996,0.028258873296176,3.25212828537774,0.00114544310590855,0.036515107255214,0.147287855063585
28,"spray_managementRecommended_plus",0.110055193645581,0.0383489929534529,2.86983269102172,0.00410689040827066,0.0348925486134328,0.185217838677729
29,"intrcpt",-0.0064852371204327,0.0998981163464482,-0.0649185125567513,0.948238880796225,-0.202281947282863,0.189311473041998
29,"spray_managementEarly",0.0431503726389896,0.0522077325437336,0.826513057291719,0.408513114222451,-0.0591749028612278,0.145475648139207
29,"spray_managementLate_plus",0.0457554153830189,0.0275303044179733,1.66200179585182,0.0965124144045435,-0.00820298975963279,0.0997138205256706
29,"spray_managementRecommended",0.04688126337613,0.0228410494179184,2.05250041354722,0.0401210549036359,0.00211362914791036,0.0916488976043496
29,"spray_managementRecommended_plus",0.048639118220801,0.0225081081100908,2.16095986312573,0.0306984399882429,0.00452403696488908,0.0927541994767129
30,"intrcpt",-0.0301509987567066,0.0993213926972112,-0.303570036000444,0.761455482673075,-0.2248173513376,0.164515353824187
30,"spray_managementEarly",0.0527605552054576,0.0543277749214092,0.971152514193361,0.331472336435723,-0.0537199270007028,0.159241037411618
30,"spray_managementLate_plus",0.0712285742076697,0.0382010320904417,1.86457198431274,0.0622414228447738,-0.00364407286185497,0.146101221277194
30,"spray_managementRecommended",0.0714130169720642,0.0235575433113564,3.03142887304543,0.00243399258072985,0.0252410805175632,0.117584953426565
30,"spray_managementRecommended_plus",0.0915353143247057,0.0304732522303808,3.00379210045221,0.00266637458172728,0.0318088374613544,0.151261791188057
31,"intrcpt",-0.0226451183350308,0.0989272458903572,-0.228906790351051,0.818941362749096,-0.216538957369869,0.171248720699807
31,"spray_managementEarly",0.0468843792273897,0.0544258946060725,0.861435159986487,0.388998418224853,-0.0597884140268851,0.153557172481665
31,"spray_managementLate_plus",0.0814801841137848,0.039239077110692,2.07650612892684,0.0378471648670664,0.00457300619023854,0.158387362037331
31,"spray_managementRecommended",0.0552884909732681,0.0242848682195783,2.27666423689691,0.0228062837041045,0.00769102389359339,0.102885958052943
31,"spray_managementRecommended_plus",0.0818463178259342,0.0318193855548901,2.57221553460688,0.0101049960296372,0.0194814681281555,0.144211167523713
32,"intrcpt",-0.0319424440287616,0.0992824934535979,-0.321732894870239,0.747655055258397,-0.226532555493147,0.162647667435624
32,"spray_managementEarly",0.049749003836861,0.0550788088027909,0.903233111213185,0.366402188100201,-0.0582034777279769,0.157701485401699
32,"spray_managementLate_plus",0.134920996273804,0.037559514399483,3.59219224292371,0.000327907799397994,0.0613057007740041,0.208536291773605
32,"spray_managementRecommended",0.0580160479973172,0.0254901438650809,2.2760188527925,0.0228448812600038,0.00805628406101406,0.10797581193362
32,"spray_managementRecommended_plus",0.0940578654097504,0.0336904841512718,2.79182290724663,0.0052412032752287,0.0280257298515401,0.160090000967961
33,"intrcpt",-0.0173258102101746,0.0994120252767775,-0.17428284115465,0.861643183647035,-0.212169799382844,0.177518178962495
33,"spray_managementEarly",0.0459205016203588,0.053621126611351,0.85638822834129,0.391783073769659,-0.0591749753483513,0.151015978589069
33,"spray_managementLate_plus",0.0634519379639898,0.0388188048979464,1.63456701283832,0.102139847522255,-0.0126315215588721,0.139535397486852
33,"spray_managementRecommended",0.0525935219541209,0.0227927456059872,2.30746759794948,0.021028766568423,0.00792056145760235,0.0972664824506395
33,"spray_managementRecommended_plus",0.0716471036622039,0.0286585470559954,2.50002568246792,0.0124184303404252,0.0154773835832065,0.127816823741201
34,"intrcpt",-0.0276438436577179,0.0993122212902713,-0.278352888482074,0.780741480446073,-0.222292220611322,0.167004533295886
34,"spray_managementEarly",0.051288803636979,0.0542386368914731,0.945613801829193,0.344345602028075,-0.0550169712408538,0.157594578514812
34,"spray_managementLate_plus",0.0683300168993925,0.0394529860963943,1.73193523888012,0.0832850936603841,-0.00899641493209978,0.145656448730885
34,"spray_managementRecommended",0.0676300415793988,0.023296578377619,2.90300320000515,0.00369602860507753,0.021969586996251,0.113290496162547
34,"spray_managementRecommended_plus",0.0879662818797779,0.0303028929210498,2.90290046263776,0.00369724126943099,0.0285737031271465,0.147358860632409
35,"intrcpt",-0.0101244905079986,0.0993691055840011,-0.101887708946317,0.91884580602857,-0.204884358628599,0.184635377612602
35,"spray_managementEarly",0.0416803701138466,0.0531868313808644,0.783659583241171,0.433239883902342,-0.0625639038444524,0.145924644072146
35,"spray_managementLate_plus",0.0766636631854837,0.0368706453636248,2.07926013850349,0.0375934467960965,0.00439852618603036,0.148928800184937
35,"spray_managementRecommended",0.0401578752839571,0.0227527276528649,1.76496971689021,0.0775688553831188,-0.00443665146570667,0.084752402033621
35,"spray_managementRecommended_plus",0.0584836370517833,0.0278126668185011,2.102769843447,0.0354858933451986,0.00397181177350888,0.112995462330058
36,"intrcpt",-0.0325774522172964,0.0991023776871524,-0.328725233214255,0.742363379993692,-0.226814543266401,0.161659638831808
36,"spray_managementEarly",0.0499652476171463,0.0552580904052192,0.904215966399503,0.365880895545152,-0.0583386194315415,0.158269114665834
36,"spray_managementLate_plus",0.12520521460279,0.0380710211870797,3.2887275071382,0.00100641409310115,0.0505873842214527,0.199823044984128
36,"spray_managementRecommended",0.0610480083915859,0.02598696318568,2.34917823815697,0.0188148978522672,0.0101144964800848,0.111981520303087
36,"spray_managementRecommended_plus",0.0952467503700711,0.0341446963933652,2.78950350803467,0.00527889245597339,0.0283243751760206,0.162169125564122
37,"intrcpt",-0.0150793300435706,0.0993926647962832,-0.151714717323229,0.879411948803197,-0.209885373371748,0.179726713284607
37,"spray_managementEarly",0.0437096784981699,0.0535187851499848,0.816716567382366,0.414090421242599,-0.0611852128921374,0.148604569888477
37,"spray_managementLate_plus",0.0886097831016951,0.0369316767059966,2.39928947193745,0.0164269228805011,0.016225026869265,0.160994539334125
37,"spray_managementRecommended",0.0438465040028558,0.0230957080978073,1.89846978569228,0.0576342242756205,-0.00142025206629667,0.0891132600720082
37,"spray_managementRecommended_plus",0.0669163026836495,0.0286770385885459,2.33344536176678,0.0196247828308085,0.0107103398668342,0.123122265500465
38,"intrcpt",-0.0191946358941995,0.099501859529685,-0.192907308314907,0.847031561333181,-0.214214696967146,0.175825425178747
38,"spray_managementEarly",0.0484395333836957,0.0533376076353814,0.908168467450412,0.363789221089966,-0.0561002566031804,0.152979323370572
38,"spray_managementLate_plus",0.0602389590543557,0.0345581214152787,1.7431201867276,0.0813126231418341,-0.00749371429295285,0.127971632401664
38,"spray_managementRecommended",0.0579779527708001,0.0235889439426452,2.45784435758419,0.0139773735900647,0.0117444722098813,0.104211433331719
38,"spray_managementRecommended_plus",0.073616543792219,0.0272782718324905,2.69872462025017,0.0069605747165951,0.0201521134400441,0.127080974144394
39,"intrcpt",-0.0400383111765677,0.09903370622936,-0.404289738322424,0.685999670581132,-0.234140808641633,0.154064186288498
39,"spray_managementEarly",0.0553914217493773,0.0558878714115164,0.991117041146843,0.321628432764311,-0.0541467933898004,0.164929636888555
39,"spray_managementLate_plus",0.081281307886956,0.0408650200976033,1.98901915850821,0.0466990883446845,0.00118734026814811,0.161375275505764
39,"spray_managementRecommended",0.0844749027733811,0.0274551558180791,3.07683202867692,0.00209213157184222,0.0306637861800109,0.138286019366751
39,"spray_managementRecommended_plus",0.106758712908245,0.0353205812679288,3.02256387284266,0.00250643181746412,0.0375316457100842,0.175985780106405
40,"intrcpt",-0.0234382045381326,0.0991673665272051,-0.236349974380964,0.813161111213151,-0.217802671373137,0.170926262296872
40,"spray_managementEarly",0.0496025016053117,0.0539702438179883,0.919071289961065,0.358058284971251,-0.0561772325147909,0.155382235725414
40,"spray_managementLate_plus",0.0643693482268675,0.0360561788300431,1.78525152458011,0.0742205278837093,-0.00629946370015247,0.135038160153887
40,"spray_managementRecommended",0.0630620861703035,0.0247279733205065,2.5502327001464,0.0107651039103556,0.0145961490514434,0.111528023289164
40,"spray_managementRecommended_plus",0.0815954273079293,0.029857773663704,2.73280346441634,0.00627977918509494,0.023075266268521,0.140115588347338
41,"intrcpt",-0.0272492733217718,0.099615938866845,-0.273543306741258,0.78443560723746,-0.222492925786932,0.167994379143388
41,"spray_managementEarly",0.0507933115332505,0.0542714470051031,0.935912239975369,0.349318374639951,-0.0555767699856257,0.157163393052127
41,"spray_managementLate_plus",0.0661351243354978,0.0387614997820579,1.70620653760437,0.0879696319654336,-0.00983601922409288,0.142106267895088
41,"spray_managementRecommended",0.070372121681934,0.0226675300032363,3.10453418047255,0.00190578906221425,0.0259445792571098,0.114799664106758
41,"spray_managementRecommended_plus",0.0852976323374591,0.0302106713689786,2.82342723522012,0.00475132098228403,0.0260858045054856,0.144509460169433
42,"intrcpt",-0.014079846253511,0.099691356305728,-0.141234373523134,0.887684792083092,-0.209471314182688,0.181311621675666
42,"spray_managementEarly",0.0460649471856058,0.0529767714822033,0.869531039676145,0.384556738079559,-0.0577676169367213,0.149897511307933
42,"spray_managementLate_plus",0.0542526394751592,0.034648692446369,1.56579182776188,0.117397360050522,-0.0136575498311291,0.122162828781448
42,"spray_managementRecommended",0.0529996292469994,0.0234214271719695,2.26286933148245,0.0236437454366241,0.00709447552341145,0.0989047829705874
42,"spray_managementRecommended_plus",0.0641076687942938,0.0260217891700692,2.46361494881497,0.0137543783850895,0.0131058992076638,0.115109438380924
43,"intrcpt",-0.0459398357127132,0.0988248980218191,-0.464860947314818,0.642031038588278,-0.239633076611322,0.147753405185896
43,"spray_managementEarly",0.0567384624603331,0.0566027476090602,1.00239767249834,0.3161515658078,-0.0542008842794356,0.167677809200102
43,"spray_managementLate_plus",0.093165363266936,0.0426494425554195,2.18444504042169,0.0289295616377252,0.0095739918976039,0.176756734636268
43,"spray_managementRecommended",0.0845304245536782,0.0250220955818956,3.37823122276134,0.000729537102475205,0.0354880183954441,0.133572830711912
43,"spray_managementRecommended_plus",0.118322109316308,0.0369105510449741,3.20564461831352,0.00134760309968218,0.0459787586186313,0.190665460013984
44,"intrcpt",-0.0465325166064295,0.099679901901129,-0.46681944623686,0.640629061703056,-0.241901534315128,0.148836501102269
44,"spray_managementEarly",0.0533069407393984,0.0576813858894525,0.924161927065382,0.355402014956189,-0.0597464981822854,0.166360379661082
44,"spray_managementLate_plus",0.138393484751657,0.0404535626008419,3.42104565961704,0.000623808582694504,0.0591059590076699,0.217681010495643
44,"spray_managementRecommended",0.0851223349789946,0.029243682504885,2.91079397968349,0.00360511642344031,0.0278057704940959,0.142438899463893
44,"spray_managementRecommended_plus",0.111847544305067,0.0401520158017745,2.78560221875893,0.00534283914925734,0.0331510394269057,0.190544049183228
45,"intrcpt",-0.0471932300154984,0.100257979836219,-0.470717942777153,0.63784216945588,-0.243695259657231,0.149308799626234
45,"spray_managementEarly",0.0534104731511667,0.0579008305139812,0.922447444657461,0.356295231792223,-0.0600730693311942,0.166894015633528
45,"spray_managementLate_plus",0.154212960054984,0.0401181540722921,3.84396948516363,0.000121060065489979,0.0755828229470626,0.232843097162905
45,"spray_managementRecommended",0.0849458838748966,0.0297039932374339,2.85974627033799,0.0042398007959984,0.0267271269325048,0.143164640817288
45,"spray_managementRecommended_plus",0.112971719364294,0.0409044791823447,2.76184226330537,0.00574762390092865,0.0328004133605301,0.193143025368058
46,"intrcpt",-0.0423941590910026,0.0990908600368086,-0.427831175097831,0.668774038069178,-0.236608675960247,0.151820357778242
46,"spray_managementEarly",0.0557150649406253,0.0563607775475497,0.988543227488661,0.322886674762342,-0.0547500291932459,0.166180159074496
46,"spray_managementLate_plus",0.0831431711196191,0.0421205266240686,1.97393474829228,0.0483891630057294,0.000588455926584158,0.165697886312654
46,"spray_managementRecommended",0.0884886237464767,0.0282259868090817,3.13500549493651,0.00171850892508658,0.0331667061725738,0.14381054132038
46,"spray_managementRecommended_plus",0.109500274134623,0.0365819027828734,2.99329082974569,0.00275986616886394,0.0378010621942459,0.181199486075001
47,"intrcpt",-0.00308512200773378,0.100158051482621,-0.0308025362121696,0.975427017776349,-0.19939129567538,0.193221051659912
47,"spray_managementEarly",0.0369482873555532,0.052662784985736,0.701601469910124,0.482927734694312,-0.0662688745420661,0.140165449253173
47,"spray_managementLate_plus",0.0987750553649983,0.0352888596291123,2.79904356227798,0.00512542222397327,0.0296101614364487,0.167939949293548
47,"spray_managementRecommended",0.0287247461264172,0.0224053712714421,1.28204731706588,0.19982604814142,-0.0151889746258577,0.072638466878692
47,"spray_managementRecommended_plus",0.0406443182430196,0.0262137395898237,1.55049675776889,0.121022331092717,-0.0107336672531466,0.0920223037391859
48,"intrcpt",-0.0410436056331882,0.0990432268196831,-0.414400933320879,0.678580505522716,-0.235164763112399,0.153077551846022
48,"spray_managementEarly",0.0556140741506227,0.0560497967736058,0.992226151599745,0.321087218123614,-0.054241508866434,0.16546965716768
48,"spray_managementLate_plus",0.0821966895302763,0.0414764287527996,1.98176872990127,0.0475051307864283,0.000904382967447603,0.163488996093105
48,"spray_managementRecommended",0.0858551831627277,0.0276783150850199,3.1018934100217,0.00192287181279544,0.0316066824433369,0.140103683882118
48,"spray_managementRecommended_plus",0.108100070837614,0.0357436973625719,3.02431138393668,0.00249199805670831,0.0380437113326735,0.178156430342554
49,"intrcpt",-0.0400763531212967,0.0989916405784194,-0.4048458323059,0.685590836908431,-0.234096403425532,0.153943697182939
49,"spray_managementEarly",0.0549998408469687,0.0559985195342284,0.982165980537231,0.326018084323384,-0.0547552406276816,0.164754922321619
49,"spray_managementLate_plus",0.0817648403477342,0.0421741398040213,1.93874352216042,0.052532576276838,-0.000894954747104618,0.164424635442573
49,"spray_managementRecommended",0.0837232943496012,0.0274052610052444,3.05500809985278,0.00225054443982315,0.0300099697924022,0.1374366189068
49,"spray_managementRecommended_plus",0.107046017720823,0.035662605921541,3.00163196027593,0.00268536622077645,0.037148594519758,0.176943440921889
50,"intrcpt",-0.0293887459649776,0.100506615744384,-0.292406084388725,0.769976156750317,-0.226378093031977,0.167600601102022
50,"spray_managementEarly",0.0491109808871249,0.0553435443496957,0.887384092656055,0.374872144846317,-0.0593603728150739,0.157582334589324
50,"spray_managementLate_plus",0.140620481663377,0.0377492098635272,3.72512384157854,0.000195219358615226,0.0666333898860197,0.214607573440735
50,"spray_managementRecommended",0.0586598788062515,0.0261945904380105,2.23938904275178,0.0251306136916994,0.0073194249579735,0.110000332654529
50,"spray_managementRecommended_plus",0.0944869547836137,0.0347532861287101,2.71879195635422,0.00655208042155245,0.0263717656269265,0.162602143940301
51,"intrcpt",-0.0396698336528771,0.0989767563854545,-0.400799491735081,0.688567753122532,-0.233660711474963,0.154321044169208
51,"spray_managementEarly",0.0544398280100517,0.0560798708909165,0.970755230801886,0.331670181217765,-0.0554746991938009,0.164354355213904
51,"spray_managementLate_plus",0.0820120788052362,0.0424871526880768,1.93027947547662,0.0535722187251367,-0.00126121026904855,0.165285367879521
51,"spray_managementRecommended",0.0831096484631131,0.0274856597576083,3.02374580767003,0.00249666115191047,0.0292387452468789,0.136980551679347
51,"spray_managementRecommended_plus",0.10635434489268,0.035936933281067,2.95947191878811,0.00308166785932529,0.0359192499469695,0.17678943983839
52,"intrcpt",-0.037717647117887,0.0988594419978994,-0.381528019535943,0.702811484074931,-0.231478592965496,0.156043298729722
52,"spray_managementEarly",0.05451972669098,0.0554708048309527,0.982854437701578,0.325679084837273,-0.0542010529711377,0.163240506353098
52,"spray_managementLate_plus",0.0813736176998214,0.041746024945248,1.9492542776599,0.0512650658981127,-0.000447087690575346,0.163194323090218
52,"spray_managementRecommended",0.0771440344722287,0.025396896714809,3.03753782749551,0.00238519465894714,0.0273670315921194,0.126921037352338
52,"spray_managementRecommended_plus",0.105230292930265,0.0341844948632869,3.07830475047562,0.00208181900381569,0.0382299141685286,0.172230671692002
53,"intrcpt",-0.047329855045062,0.100308288276314,-0.471843910990536,0.637038205587081,-0.243930487417498,0.149270777327374
53,"spray_managementEarly",0.054777712259931,0.0574646800690382,0.953241403138778,0.340467773102162,-0.0578509910585006,0.167406415578363
53,"spray_managementLate_plus",0.155037097017551,0.0397117404693288,3.90406200245223,9.45915305337641e-05,0.0772035159342647,0.232870678100837
53,"spray_managementRecommended",0.083973951236778,0.0301597817523156,2.78430235093895,0.0053643003646292,0.0248618652206512,0.143086037252905
53,"spray_managementRecommended_plus",0.115003040543628,0.0396464694290452,2.900713284179,0.0037231436836718,0.0372973883485311,0.192708692738725
54,"intrcpt",-0.0448235074200387,0.0995127892909351,-0.45042961552402,0.652400694567662,-0.239864990431395,0.150217975591317
54,"spray_managementEarly",0.0530953676675986,0.0573954035233219,0.925080483945443,0.354924043849083,-0.0593975561162556,0.165588291451453
54,"spray_managementLate_plus",0.129232278677331,0.0406139370263124,3.1819687560358,0.00146277597677036,0.0496304248353813,0.208834132519281
54,"spray_managementRecommended",0.0836719558430273,0.0296790285929245,2.81922825004369,0.00481392733757276,0.0255021287047608,0.141841782981294
54,"spray_managementRecommended_plus",0.110352783610194,0.0394197703293236,2.79942736064357,0.00511933333013159,0.0330914534858793,0.187614113734509
55,"intrcpt",-0.0207117674830984,0.0991316911983364,-0.208931848460646,0.834501441309615,-0.215006311958384,0.173582776992187
55,"spray_managementEarly",0.045243991418626,0.0541841769445937,0.835003758844404,0.403715592004262,-0.0609550439247231,0.151443026761975
55,"spray_managementLate_plus",0.105706723167373,0.0372713616470864,2.83613794870938,0.00456627181475042,0.0326561966843162,0.17875724965043
55,"spray_managementRecommended",0.0476251563332338,0.0241375020358101,1.97307725806,0.0484867608642512,0.00031652166628382,0.0949337910001837
55,"spray_managementRecommended_plus",0.0768988538726881,0.0311994318197974,2.464751740251,0.0137108212212747,0.0157490911677722,0.138048616577604
56,"intrcpt",-0.0431720773037996,0.0995400780171951,-0.4337155260853,0.664495030592699,-0.238267045235809,0.15192289062821
56,"spray_managementEarly",0.0541368532297192,0.0563172049060326,0.961284447977285,0.336409165375577,-0.0562428400960671,0.164516546555506
56,"spray_managementLate_plus",0.148005426627738,0.0386423874276856,3.83013153379075,0.000128074780066743,0.0722677389928309,0.223743114262645
56,"spray_managementRecommended",0.0738972607348473,0.0277497243834609,2.66299079996956,0.00774495316114107,0.0195088003623509,0.128285721107344
56,"spray_managementRecommended_plus",0.110051868818852,0.0367700347935745,2.99297701067402,0.00276270558930931,0.0379839249131617,0.182119812724543
57,"intrcpt",-0.0199601354867406,0.0998424455732423,-0.199916331898123,0.841546017269124,-0.215647732938696,0.175727461965215
57,"spray_managementEarly",0.0450312234526112,0.0540667176418482,0.832882509178929,0.404910995037393,-0.0609375958877076,0.15100004279293
57,"spray_managementLate_plus",0.0970335734174646,0.0373002600525432,2.60141814777639,0.00928392168283767,0.0239264071005018,0.170140739734427
57,"spray_managementRecommended",0.0507306457245112,0.0235876956646583,2.15072495616948,0.0314979153605322,0.00449961174348949,0.096961679705533
57,"spray_managementRecommended_plus",0.0733232833625628,0.0300198789934855,2.44249097001605,0.0145862945150986,0.0144854017150807,0.132161165010045
58,"intrcpt",-0.00556478738507847,0.0999288966942994,-0.0556874694824477,0.955590781916989,-0.201421825920729,0.190292251150572
58,"spray_managementEarly",0.0378212173262112,0.0528619215137253,0.715471860333172,0.474317522740863,-0.0657862449942735,0.141428679646696
58,"spray_managementLate_plus",0.112499944733104,0.0354284525165095,3.17541232377224,0.00149623729363654,0.0430614537727579,0.18193843569345
58,"spray_managementRecommended",0.0288945010730423,0.0225468099845083,1.2815338885144,0.200006204648906,-0.0152964344628621,0.0730854366089466
58,"spray_managementRecommended_plus",0.0457836749871133,0.027009670133348,1.69508456641926,0.0900593795609417,-0.00715430570855589,0.0987216556827825
59,"intrcpt",-0.00257559893387397,0.0998370002718589,-0.0257980400739259,0.97941842512438,-0.198252523791233,0.193101325923485
59,"spray_managementEarly",0.0391420896788896,0.0525360034814975,0.74505267026402,0.456239879749852,-0.0638265850365164,0.142110764394296
59,"spray_managementLate_plus",0.0531947526154586,0.0364964874053344,1.45753074877238,0.144969929898531,-0.0183370482612164,0.124726553492134
59,"spray_managementRecommended",0.0378214573227547,0.0223284889750288,1.69386550809831,0.0902908425320883,-0.00594157689750133,0.0815844915430108
59,"spray_managementRecommended_plus",0.0431176144177061,0.025345093094213,1.70122138661827,0.0889014233517365,-0.00655785523176626,0.0927930840671785
60,"intrcpt",-0.0274544062048506,0.0989196567230987,-0.277542473501525,0.781363597088739,-0.221333370745189,0.166424558335488
60,"spray_managementEarly",0.0492584923401607,0.0546641642642605,0.901111230787917,0.36752918218675,-0.0578813008627714,0.156398285543093
60,"spray_managementLate_plus",0.0896985667225022,0.0392217777673847,2.28695821118777,0.0221982623688286,0.0128252948887944,0.16657183855621
60,"spray_managementRecommended",0.0595775038795514,0.0245833764481869,2.42348743286422,0.0153722851271551,0.0113949714227148,0.107760036336388
60,"spray_managementRecommended_plus",0.0896159087494588,0.0322290643958973,2.78059293464525,0.00542597266442369,0.0264481032780779,0.15278371422084
61,"intrcpt",-0.00986495128873133,0.0990637083925729,-0.0995818897636881,0.9206762722226,-0.204026251913152,0.18429634933569
61,"spray_managementEarly",0.0475206859174331,0.05205169591249,0.912951731627063,0.361267928172078,-0.0544987634052781,0.149540135240144
61,"spray_managementLate",0.0538178781593387,0.0286572276712099,1.87798620218264,0.0603830526565503,-0.00234925597299736,0.109985012291675
61,"spray_managementLate_plus",0.0689361642226524,0.0362667393403223,1.90080954275388,0.0573269636906345,-0.00214533872108126,0.140017667166386
61,"spray_managementRecommended",0.0387499498803638,0.0231124984228584,1.67657988207973,0.093624663480356,-0.00654971462117743,0.0840496143819049
61,"spray_managementRecommended_plus",0.0608443238033884,0.0288826714593976,2.10660305051496,0.0351520021044627,0.00423532796566624,0.117453319641111
62,"intrcpt",-0.0379163365888643,0.098862869905009,-0.383524538841485,0.701330879285808,-0.231684001010951,0.155851327833222
62,"spray_managementEarly",0.0585318416556507,0.0549949046404729,1.06431390395711,0.2871865214136,-0.0492561907728908,0.166319874084192
62,"spray_managementLate",0.0867780816763133,0.0338434952215733,2.56409927840424,0.0103443951313755,0.0204460499310763,0.15311011342155
62,"spray_managementLate_plus",0.0758098912311893,0.0417793133625295,1.8145317653588,0.0695958968503724,-0.00607605825818154,0.15769584072056
62,"spray_managementRecommended",0.0810924956274387,0.0284960507942091,2.84574505474695,0.00443076528252161,0.0252412623691647,0.136943728885713
62,"spray_managementRecommended_plus",0.104538427505408,0.0375969001454521,2.7805065604073,0.00542741630725002,0.0308498572899728,0.178226997720842
63,"intrcpt",-0.0319136632637978,0.0985614999436384,-0.323794415487257,0.74609368442576,-0.225090653415576,0.16126332688798
63,"spray_managementEarly",0.0567106291243277,0.0539262700411939,1.0516327029666,0.292968097652452,-0.0489829179769936,0.162404176225649
63,"spray_managementLate",0.0785853002045962,0.0319421835380007,2.46023569776016,0.0138845797599373,0.0159797708825467,0.141190829526646
63,"spray_managementLate_plus",0.0810859012205951,0.0395135133944126,2.05210557743167,0.0401594030294872,0.00364083806490546,0.158530964376285
63,"spray_managementRecommended",0.0670601869435562,0.0264044346186017,2.5397319773063,0.0110937447999683,0.0153084460589542,0.118811927828158
63,"spray_managementRecommended_plus",0.0972210510217633,0.0346450808106723,2.80620072884387,0.00501294538968766,0.0293179403913659,0.165124161652161
64,"intrcpt",-0.0160227260549847,0.099481540536252,-0.161062303303856,0.872044330163052,-0.2110029626326,0.178957510522631
64,"spray_managementEarly",0.0509485165869564,0.0523808905208474,0.972654647149977,0.330724972916804,-0.05171614231204,0.153613175485953
64,"spray_managementLate",0.0602279753633233,0.0294399917421709,2.04578778047178,0.0407772547929498,0.00252665184351181,0.117929298883135
64,"spray_managementLate_plus",0.0442777954956004,0.0374459415317187,1.18244577875268,0.237028867832558,-0.0291149012737608,0.117670492264962
64,"spray_managementRecommended",0.054954828031868,0.0230849742109663,2.38054535082661,0.0172870330161665,0.00970910999433807,0.100200546069398
64,"spray_managementRecommended_plus",0.0695014867170145,0.0284334129109782,2.44435963190968,0.0145109535766302,0.0137730214539411,0.125229951980088
65,"intrcpt",-0.0195224292746632,0.0987694922910704,-0.197656470857735,0.843313848940397,-0.213107076936468,0.174062218387141
65,"spray_managementEarly",0.0514118389936049,0.0527957055449879,0.973788274309473,0.330161676330658,-0.0520658424129531,0.154889520400163
65,"spray_managementLate",0.0639209856914807,0.0299478964022353,2.13440653169582,0.0328095173822288,0.00522418733036287,0.122617784052599
65,"spray_managementLate_plus",0.0836487624818728,0.0371441089267442,2.25200616999173,0.0243218821112145,0.0108476467476213,0.156449878216124
65,"spray_managementRecommended",0.0477601807510497,0.024322567805816,1.96361589501374,0.0495746526737193,8.88238401170055e-05,0.0954315376619824
65,"spray_managementRecommended_plus",0.077891575118594,0.0316561322996825,2.46055248888934,0.013872327850718,0.0158466959213813,0.139936454315807
66,"intrcpt",-0.0427041233956712,0.0992683949564809,-0.430188514827832,0.667058515936074,-0.237266602313471,0.151858355522129
66,"spray_managementEarly",0.0591795568543204,0.0555872099818738,1.06462542145249,0.287045471148337,-0.0497693727112175,0.168128486419858
66,"spray_managementLate",0.0897219518581542,0.0348163906678441,2.57700324867448,0.00996610139662781,0.0214830800775033,0.157960823638805
66,"spray_managementLate_plus",0.114516908623944,0.040108955424429,2.85514562551275,0.00430170994957787,0.035904800534541,0.193129016713348
66,"spray_managementRecommended",0.0805314440042283,0.0302113476629471,2.66560250481631,0.00768504992438333,0.0213182906604336,0.139744597348023
66,"spray_managementRecommended_plus",0.109657621683231,0.0396178943000168,2.76788112091018,0.00564220322427648,0.0320079757118838,0.187307267654579
67,"intrcpt",-0.0362516308110833,0.0987148168237006,-0.367235962923649,0.713443015974384,-0.229729116526005,0.157225854903839
67,"spray_managementEarly",0.0578225643617966,0.0546937050596742,1.05720693631394,0.29041715487933,-0.0493751277362209,0.165020256459814
67,"spray_managementLate",0.0840120282788333,0.0332893150980117,2.52369350440169,0.0116129128341821,0.0187661696167249,0.149257886940942
67,"spray_managementLate_plus",0.0820574342566982,0.0407863719177012,2.01188363658022,0.0442322047159613,0.00211761423794796,0.161997254275448
67,"spray_managementRecommended",0.075827417090694,0.0281256924495405,2.6960195638466,0.00701735450940039,0.0207020728493444,0.130952761332044
67,"spray_managementRecommended_plus",0.10238395011547,0.0368727415879638,2.77668395964596,0.00549165483986484,0.0301147045918084,0.174653195639131
68,"intrcpt",-0.0208595788099554,0.098679246079141,-0.211387699427962,0.832584754320224,-0.214267347146637,0.172548189526726
68,"spray_managementEarly",0.052712258513982,0.0527646842290905,0.999006424166571,0.317791579263224,-0.050704622230664,0.156129139258628
68,"spray_managementLate",0.0662150034081386,0.0299085512332638,2.21391544149739,0.0268345963019223,0.00759532016117049,0.124834686655107
68,"spray_managementLate_plus",0.0688612933072277,0.0379085681630373,1.81651000404629,0.0692921747449647,-0.00543813499780703,0.143160721612263
68,"spray_managementRecommended",0.0522322616370495,0.0239291002555629,2.18279254460922,0.0290510909635238,0.0053320869536979,0.099132436320401
68,"spray_managementRecommended_plus",0.0807250345887266,0.0309495266803668,2.60828010141866,0.00909984581749515,0.0200650769566462,0.141384992220807
69,"intrcpt",-0.0455295216506777,0.0988200142180325,-0.460731786075473,0.644991047109682,-0.239213190469758,0.148154147168402
69,"spray_managementEarly",0.0615929631723844,0.0554678264301378,1.11042683906068,0.266815138138102,-0.0471219789314046,0.170307905276173
69,"spray_managementLate",0.0936918837078559,0.0344547266313294,2.7192752016399,0.00654251493690652,0.0261618604132772,0.161221907002435
69,"spray_managementLate_plus",0.0870533840069117,0.0418779893179126,2.07873838798837,0.0376414025719586,0.00497403319884991,0.169132734814973
69,"spray_managementRecommended",0.0887723336080203,0.0288136879786451,3.08090840970488,0.00206370118661,0.0322985429081011,0.145246124307939
69,"spray_managementRecommended_plus",0.114429367427091,0.0383884704450734,2.98082643305151,0.00287471673896519,0.0391893479331671,0.189669386921015
70,"intrcpt",-0.00394322468297829,0.0995703054968046,-0.0396024162354794,0.968410101074526,-0.199097437386366,0.191210988020409
70,"spray_managementEarly",0.0457130022630168,0.0515050771159904,0.887543613614447,0.374786296019995,-0.0552350939052824,0.146661098431316
70,"spray_managementLate",0.0466651495826767,0.0278508067985024,1.67554031451563,0.0938282681264606,-0.00792142868277129,0.101251727848125
70,"spray_managementLate_plus",0.0318960377767822,0.0355688248042806,0.896741400715144,0.369856923391798,-0.0378175778120228,0.101609653365587
70,"spray_managementRecommended",0.0430854471124675,0.0228275485666601,1.88743206422937,0.0591022358121287,-0.0016557259335252,0.0878266201584601
70,"spray_managementRecommended_plus",0.047150856927827,0.0249873900338542,1.88698607033165,0.0591621992439306,-0.00182352760618242,0.0961252414618363
71,"intrcpt",-0.0467835938223472,0.0988278278351459,-0.473384823355488,0.635938655497941,-0.240482577049558,0.146915389404864
71,"spray_managementEarly",0.0623963276139692,0.0553191701310074,1.12793318240678,0.259348138852939,-0.0460272534974493,0.170819908725388
71,"spray_managementLate",0.09428458757761,0.0341180265470055,2.76348303579959,0.00571880650077568,0.0274144843218977,0.161154690833322
71,"spray_managementLate_plus",0.0957727546590076,0.0410595185905846,2.33253476773518,0.0196725760919025,0.0152975769989089,0.176247932319106
71,"spray_managementRecommended",0.0868271095992391,0.0286563968839289,3.02993813042607,0.00244603840225554,0.0306616037800526,0.142992615418426
71,"spray_managementRecommended_plus",0.117281343421515,0.0378385170080685,3.09952272697439,0.00193832706354282,0.0431192128572947,0.191443473985736
72,"intrcpt",-0.00726068589084077,0.0991839009282924,-0.0732042783444268,0.941643561898449,-0.201657559556483,0.187136187774801
72,"spray_managementEarly",0.0461692338475691,0.0517827733220113,0.891594460583747,0.372610340350572,-0.0553231368831746,0.147661604578313
72,"spray_managementLate",0.050251216626421,0.0281736941113826,1.7836218576008,0.0744851314428356,-0.00496820914333715,0.105470642396179
72,"spray_managementLate_plus",0.0730463146924914,0.035590041968298,2.05243687988786,0.0401272234592307,0.00329111422635832,0.142801515158625
72,"spray_managementRecommended",0.0345616497629655,0.0227662538875571,1.51810877334787,0.128986979823343,-0.0100593879195413,0.0791826874454723
72,"spray_managementRecommended_plus",0.0547880600549649,0.0277240714734849,1.97619098289238,0.0481331507805996,0.000449878462120128,0.10912624164781
73,"intrcpt",-0.0211108264153479,0.100343357297954,-0.210385888850247,0.833366505266662,-0.217780192807172,0.175558539976476
73,"spray_managementEarly",0.0514984990202407,0.0528259249009614,0.974871696364818,0.329623907349303,-0.0520384112356613,0.155035409276143
73,"spray_managementLate",0.0642896274599168,0.0298466498938542,2.15399810995722,0.0312403201388633,0.00579126860878625,0.122787986311047
73,"spray_managementLate_plus",0.0944826202592937,0.0366543895739501,2.57766181233697,0.0099471296954447,0.0226413368190511,0.166323903699536
73,"spray_managementRecommended",0.0506686835727299,0.0240423789366504,2.10747379476206,0.0350765308686414,0.00354648675423078,0.0977908803912291
73,"spray_managementRecommended_plus",0.0757541728480801,0.0311130247118716,2.43480579434551,0.0148997841729067,0.014773764962707,0.136734580733453
74,"intrcpt",-0.0346477014632473,0.0986566153802904,-0.351194913079992,0.72544212615974,-0.228011114445237,0.158715711518742
74,"spray_managementEarly",0.0572913734154394,0.0544457329880781,1.05226562801504,0.292677696824508,-0.049420302353078,0.164003049183957
74,"spray_managementLate",0.081946641563707,0.032857726455367,2.49398392414706,0.0126318265287319,0.0175466810973187,0.146346602030095
74,"spray_managementLate_plus",0.0832250850886218,0.0402655881146769,2.06690350210696,0.0387432476864803,0.00430598256753111,0.162144187609712
74,"spray_managementRecommended",0.0724564706503546,0.0276452428864175,2.62093811033049,0.00876881792788581,0.0182727902491141,0.126640151051595
74,"spray_managementRecommended_plus",0.100355228488886,0.0362336688490732,2.76966787180462,0.00561134795512208,0.0293385425169515,0.17137191446082
75,"intrcpt",-0.0141292887897461,0.0989815433404823,-0.14274670118189,0.886490232153938,-0.208129548871282,0.17987097129179
75,"spray_managementEarly",0.0495002545694803,0.0522087817897196,0.948121233106946,0.343067739980368,-0.0528270774150806,0.151827586554041
75,"spray_managementLate",0.0577698605540506,0.0288895406228659,1.99968082941153,0.0455347395553271,0.00114740140332656,0.114392319704775
75,"spray_managementLate_plus",0.0753277889913796,0.0363857380468881,2.07025590340669,0.0384283866575635,0.00401305286857014,0.146642525114189
75,"spray_managementRecommended",0.0421248811063989,0.0232661230580013,1.81056727850118,0.0702078611622858,-0.00347588214716045,0.0877256443599583
75,"spray_managementRecommended_plus",0.068128305126349,0.0291912734918676,2.33385861515527,0.0196031263703682,0.0109144604194296,0.125342149833268
76,"intrcpt",-0.03836514330416,0.0986926246450088,-0.388733640858747,0.697473194019444,-0.231799133148107,0.155068846539787
76,"spray_managementEarly",0.0590883250022152,0.0544645652601166,1.08489482510355,0.277968240232764,-0.0476602613412448,0.165836911345675
76,"spray_managementLate",0.0848740558258996,0.0327930266292425,2.58817390616256,0.009648625468652,0.0206009046885213,0.149147206963278
76,"spray_managementLate_plus",0.0960967937776918,0.0395580949890863,2.4292573695524,0.0151297878943917,0.0185643523020683,0.173629235253315
76,"spray_managementRecommended",0.0736062123006216,0.0275989343917233,2.66699472000975,0.00765328742219993,0.01951329488116,0.127699129720083
76,"spray_managementRecommended_plus",0.106085541869941,0.0360583450569341,2.94205243480913,0.00326044714447073,0.0354124842162319,0.176758599523649
77,"intrcpt",-0.00200366930455582,0.0994690833957501,-0.0201436389695477,0.983928788334217,-0.196959490335437,0.192952151726325
77,"spray_managementEarly",0.0441699271277327,0.0514514176694503,0.858478330208557,0.390628391182308,-0.0566729984579176,0.145012852713383
77,"spray_managementLate",0.0455899669162057,0.0276341684908594,1.64976800120784,0.0989903958280009,-0.00857200806859031,0.0997519419010017
77,"spray_managementLate_plus",0.0512496017699092,0.0354432380279101,1.4459627455469,0.148187651262606,-0.018217868260275,0.120717071800093
77,"spray_managementRecommended",0.0341854281376596,0.0222344448011806,1.53749861727352,0.124171253396386,-0.00939328288889824,0.0777641391642173
77,"spray_managementRecommended_plus",0.0439943873686951,0.0257457310061577,1.70880319374784,0.087487410948661,-0.00646631815903018,0.0944550928964203
78,"intrcpt",-0.0413573477048814,0.0988665137092914,-0.418315020457676,0.675716809034224,-0.235132153852128,0.152417458442365
78,"spray_managementEarly",0.0598282471249646,0.0548391013836965,1.09097789014375,0.275282611518057,-0.0476544165316211,0.16731091078155
78,"spray_managementLate",0.0876720635646998,0.033449658455347,2.62101520951958,0.00876683506423966,0.022111937697054,0.153232189432346
78,"spray_managementLate_plus",0.108448414330858,0.0394302880162472,2.7503835195465,0.00595255502930809,0.0311664699189725,0.185730358742744
78,"spray_managementRecommended",0.0763642048009373,0.0285683919423162,2.67303126319213,0.00751692447345595,0.0203711854977733,0.132357224104101
78,"spray_managementRecommended_plus",0.109428257681556,0.0372223657728569,2.93985230141801,0.00328368733299959,0.0364737613473804,0.182382754015732
79,"intrcpt",-0.00575858129912689,0.0994233744322067,-0.0579197933284136,0.953812516791557,-0.200624814407692,0.189107651809439
79,"spray_managementEarly",0.0453971008744688,0.0517787047323207,0.876752346532369,0.380621167531673,-0.0560872955670133,0.146881497315951
79,"spray_managementLate",0.0490865841166761,0.0281786933877316,1.74197516688433,0.0815127896982069,-0.00614264005467487,0.104315808288027
79,"spray_managementLate_plus",0.0763801521486754,0.0354760176726746,2.15300806458632,0.0313180447376316,0.00684843519532673,0.145911869102024
79,"spray_managementRecommended",0.0326756128279892,0.0227962177243004,1.43337869567536,0.151749643344222,-0.0120041528953732,0.0773553785513517
79,"spray_managementRecommended_plus",0.0526855850888121,0.0279940144071321,1.88203036272602,0.0598318932441863,-0.00218167493186217,0.107552845109486
80,"intrcpt",-0.0386641754115764,0.0986037089244841,-0.392116846651148,0.694971880436814,-0.231923893645636,0.154595542822483
80,"spray_managementEarly",0.0601558674291325,0.0541929346661264,1.11003155300119,0.266985430020327,-0.0460603327330074,0.166372067591272
80,"spray_managementLate",0.0859442527863069,0.0322222181832236,2.66723576563247,0.00764780008547259,0.022789865645197,0.149098639927417
80,"spray_managementLate_plus",0.0828142183091806,0.0400101978358846,2.06982776363344,0.0384684764516944,0.00439567153652436,0.161232765081837
80,"spray_managementRecommended",0.0756179654008781,0.0251194823167601,3.01033136142399,0.00260962817783516,0.0263846847497376,0.124851246052019
80,"spray_managementRecommended_plus",0.107615177935412,0.0348603641563872,3.08703539219038,0.00202163525149773,0.0392901197009424,0.175940236169882
81,"intrcpt",-0.0198946473442641,0.0994273546129332,-0.200092292726818,0.84140840099501,-0.214768681463706,0.174979386775177
81,"spray_managementEarly",0.0520695423543697,0.0527206497362524,0.987649860441023,0.323324158170334,-0.051261032370236,0.155400117078975
81,"spray_managementLate",0.0649584444475203,0.0296564903800689,2.1903618268727,0.0284980061786264,0.00683279139472673,0.123084097500314
81,"spray_managementLate_plus",0.066804461630098,0.0376286472266111,1.77536176700112,0.0758381726537107,-0.00694633172102278,0.140555254981219
81,"spray_managementRecommended",0.0545553233251473,0.0234185781884607,2.32957453207082,0.0198286495117092,0.00865575350662902,0.100454893143666
81,"spray_managementRecommended_plus",0.07598914745701,0.0302300123467268,2.51369885613817,0.0119472402233871,0.0167394120052242,0.135238882908796
82,"intrcpt",-0.0223637839515982,0.0987927865031906,-0.226370616146919,0.820913179705004,-0.215994087430206,0.17126651952701
82,"spray_managementEarly",0.0534205560043556,0.0527915426850597,1.01191503955564,0.311578677684513,-0.0500489663466702,0.156890078355382
82,"spray_managementLate",0.0674358285873738,0.0298950120638387,2.25575518897164,0.0240859671379275,0.00884268162485954,0.126028975549888
82,"spray_managementLate_plus",0.0738669855727028,0.0376912058575066,1.95979364130616,0.0500199147685487,-6.42044189523572e-06,0.147740391587301
82,"spray_managementRecommended",0.0534198629937639,0.0239111885814154,2.2340948385679,0.0254768335558298,0.00655479454664426,0.100284931440883
82,"spray_managementRecommended_plus",0.0827533496579454,0.0308615584932665,2.68143780476935,0.00733065398168267,0.0222658065043669,0.143240892811524
83,"intrcpt",-0.00852626624448988,0.0990658533564611,-0.0860666511780852,0.93141343372947,-0.20269177092088,0.1856392384319
83,"spray_managementEarly",0.04769949434489,0.0518931545633415,0.919186639283364,0.357997958274985,-0.0540092196434296,0.14940820833321
83,"spray_managementLate",0.0528213784703709,0.0285663766658513,1.84907519382794,0.0644469557425477,-0.00316769096350313,0.108810447904245
83,"spray_managementLate_plus",0.0413110205313956,0.0368996169262921,1.11955147431247,0.262904944066147,-0.0310108996874615,0.113632940750253
83,"spray_managementRecommended",0.0444140261774495,0.0228502401686358,1.94370062851296,0.0519315627979609,-0.000371621591167146,0.0891996739460662
83,"spray_managementRecommended_plus",0.0580440827098964,0.027301979459535,2.12600272430521,0.0335030326965185,0.00453318626255537,0.111554979157237
84,"intrcpt",-0.0468028207819641,0.0987445578386028,-0.473978736716437,0.635515070213721,-0.240338597814958,0.14673295625103
84,"spray_managementEarly",0.0627893653459814,0.0554973193474162,1.13139456255385,0.257889059073735,-0.0459833818134723,0.171562112505435
84,"spray_managementLate",0.0965452493564398,0.0346362298747573,2.78740641535012,0.00531317980937803,0.0286594862416653,0.164431012471214
84,"spray_managementLate_plus",0.0695579949993409,0.0430525076185331,1.61565490251253,0.106168946468674,-0.0148233693771203,0.153939359375802
84,"spray_managementRecommended",0.096998351895607,0.0275921025363885,3.51543894734682,0.000439027690915093,0.0429188246665494,0.151077879124665
84,"spray_managementRecommended_plus",0.114475383022505,0.0383888194005828,2.98199800905489,0.00286373861222016,0.0392346795883507,0.18971608645666
85,"intrcpt",-0.00927646395962296,0.100786059085814,-0.0920411418381245,0.92666535184527,-0.206813509911543,0.188260581992297
85,"spray_managementEarly",0.047461816974239,0.0518452253284902,0.915452033885898,0.359954372529313,-0.0541529574399655,0.149076591388443
85,"spray_managementLate",0.0527402970812371,0.0283536684211664,1.86008724859975,0.062873182962524,-0.00283187185383975,0.108312466016314
85,"spray_managementLate_plus",0.0430181341670242,0.036747914372673,1.17062790913146,0.241748374013146,-0.0290064545103768,0.115042722844425
85,"spray_managementRecommended",0.0439082070009799,0.0224433115442371,1.95640500353231,0.0504174632164289,-7.98753195368901e-05,0.0878962893214966
85,"spray_managementRecommended_plus",0.0564105562283378,0.0270457106758132,2.08574871278148,0.0370013913643304,0.00340193736745343,0.109419175089222
86,"intrcpt",-0.0383457092401172,0.0989798476891929,-0.387409256887591,0.69845325183309,-0.232342645906195,0.155651227425961
86,"spray_managementEarly",0.0595216581794251,0.05406601270409,1.10090711710506,0.27093708419741,-0.0464457795082762,0.165489095867126
86,"spray_managementLate",0.0839249575989494,0.0319662730799666,2.62542203118278,0.00865416267038764,0.0212722136422425,0.146577701555656
86,"spray_managementLate_plus",0.109848859920648,0.0381613938271194,2.87853374586607,0.00399528533492024,0.035053902419645,0.184643817421651
86,"spray_managementRecommended",0.0711843735263454,0.0246043797423719,2.8931586275169,0.00381388626203228,0.0229606753693495,0.119408071683341
86,"spray_managementRecommended_plus",0.105270732780689,0.0348122372298419,3.02395769871545,0.00249491320630989,0.0370400015889345,0.173501463972443
87,"intrcpt",-0.0285879144950451,0.0989818904596808,-0.288819645313706,0.772719397692981,-0.222588854917708,0.165413025927618
87,"spray_managementEarly",0.0557540739630097,0.0532325253343877,1.04736857048924,0.294929621581887,-0.0485797584985063,0.160087906424526
87,"spray_managementLate",0.0734540853997291,0.0305610961127168,2.40351606267042,0.0162382536188509,0.0135554376907372,0.133352733108721
87,"spray_managementLate_plus",0.0913895077086868,0.037621661308074,2.42917257056571,0.0151333272672641,0.0176524065062976,0.165126608911076
87,"spray_managementRecommended",0.0603567973524104,0.0243476199168659,2.47896088235714,0.0131765756151414,0.012636339206083,0.108077255498738
87,"spray_managementRecommended_plus",0.0908016766607365,0.0321318260579448,2.82591087406578,0.00471463800375639,0.027824454829659,0.153778898491814
88,"intrcpt",-0.0437073527951665,0.0988665875992946,-0.442084164695883,0.658428302856676,-0.237482303764158,0.150067598173825
88,"spray_managementEarly",0.0604471052954659,0.0553944885299496,1.0912115428737,0.275179809934147,-0.0481240971652525,0.169018307756184
88,"spray_managementLate",0.0912303252412008,0.0343583648224387,2.65525806343439,0.00792477570461474,0.023889167621533,0.158571482860869
88,"spray_managementLate_plus",0.0949248725379677,0.041121659702558,2.30839108208618,0.0209773945567608,0.0143279005364419,0.175521844539493
88,"spray_managementRecommended",0.0845660804155381,0.0292903701799582,2.88716325181175,0.00388732475801231,0.0271580097689739,0.141974151062102
88,"spray_managementRecommended_plus",0.111768241962448,0.0384768581953201,2.90481726431714,0.00367467570786123,0.0363549856613658,0.18718149826353
89,"intrcpt",-6.43796538944976e-05,0.100067320789621,-0.000643363421609414,0.999486670294325,-0.196192724430968,0.196063965123179
89,"spray_managementEarly",0.0426510891999179,0.0514577242343751,0.828856888533478,0.407185392820496,-0.0582041970258512,0.143506375425687
89,"spray_managementLate",0.0434802016467946,0.0276513587585132,1.57244358320757,0.115847713376516,-0.0107154656434874,0.0976758689370766
89,"spray_managementLate_plus",0.0783561611720322,0.0348481433826906,2.24850317882222,0.0245441226220468,0.0100550552138708,0.146657267130194
89,"spray_managementRecommended",0.0269588928919556,0.0224011451415469,1.20346048032855,0.228798175648097,-0.0169465447979306,0.0708643305818419
89,"spray_managementRecommended_plus",0.0413568852230053,0.0265925688068049,1.55520459582011,0.119897350112912,-0.0107635918947355,0.0934773623407461
90,"intrcpt",-0.04025216893408,0.0986407198890807,-0.408068483070102,0.683223397825517,-0.233584427325782,0.153080089457622
90,"spray_managementEarly",0.0598629159052466,0.0549092539416056,1.09021543015152,0.275618257893694,-0.0477572442382644,0.167483076048758
90,"spray_managementLate",0.0886448661570745,0.0336458929875128,2.63464150557614,0.00842261880023138,0.0227001276738607,0.154589604640288
90,"spray_managementLate_plus",0.0767472374083542,0.041662375688198,1.84212340608543,0.0654571008186731,-0.00490951845089101,0.158403993267599
90,"spray_managementRecommended",0.0827471237973889,0.02818121993093,2.93625059526151,0.00332205835581718,0.0275129476923637,0.137981299902414
90,"spray_managementRecommended_plus",0.107737858316121,0.0370635014328162,2.90684512124183,0.00365093912889486,0.0350947303668528,0.18038098626539
91,"intrcpt",-0.0323142393657875,0.0987335430245586,-0.327287347094895,0.743450561496039,-0.225828427759958,0.161199949028383
91,"spray_managementEarly",0.0571226734652286,0.0536463559534335,1.0648006271817,0.286966161276003,-0.0480222521053169,0.162267599035774
91,"spray_managementLate",0.0777384150416242,0.0313487991371727,2.4797892481133,0.0131460057957209,0.0162958977741854,0.139180932309063
91,"spray_managementLate_plus",0.0953154622150737,0.0381971135426414,2.49535772143275,0.0125830206033581,0.0204504953581095,0.170180429072038
91,"spray_managementRecommended",0.0632488782075334,0.0255267002097782,2.4777537906488,0.0132212343811154,0.0132174651522171,0.11328029126285
91,"spray_managementRecommended_plus",0.0980814298899408,0.0337324034025426,2.90763242451168,0.00364176118023631,0.031967134108981,0.164195725670901
92,"intrcpt",-0.0400493115534911,0.098660793427925,-0.405929348041869,0.684794513495093,-0.23342091335837,0.153322290251388
92,"spray_managementEarly",0.0600923894817469,0.0545362276487163,1.10188020097062,0.270513757197041,-0.0467966525624146,0.166981431525908
92,"spray_managementLate",0.0870347633228038,0.0328765890910177,2.64731730782202,0.00811331849903375,0.0225978327698867,0.151471693875721
92,"spray_managementLate_plus",0.0911125824794232,0.0400476368317554,2.27510509202322,0.0228996262821241,0.0126206566232429,0.169604508335603
92,"spray_managementRecommended",0.0766805025372036,0.0273803797750877,2.80056387702014,0.0051013410220893,0.0230159442950027,0.130345060779404
92,"spray_managementRecommended_plus",0.108931365847464,0.036004842903482,3.02546427266677,0.00248251732097058,0.0383631704876171,0.179499561207312
93,"intrcpt",-0.041043825686607,0.0987243196426629,-0.415741793259928,0.677598955576842,-0.234539936584447,0.152452285211233
93,"spray_managementEarly",0.0598518611181627,0.0549806163549403,1.08859931165149,0.276330620473731,-0.0479081667853342,0.16761188902166
93,"spray_managementLate",0.0885797679389309,0.0336939893607694,2.62894865284389,0.00856492922207319,0.0225407622963471,0.154618773581515
93,"spray_managementLate_plus",0.088826352509277,0.0408988711165573,2.17185340534538,0.0298667219456485,0.00866603811247921,0.168986666906075
93,"spray_managementRecommended",0.0809113472148528,0.0286306529654218,2.82603918648212,0.00471274983157926,0.0247962985487611,0.137026395880945
93,"spray_managementRecommended_plus",0.108896966711439,0.0373513426382761,2.91547663402723,0.00355145699332157,0.0356896803662027,0.182104253056676
94,"intrcpt",-0.037343610605303,0.0986398282245849,-0.378585519434183,0.704995676934007,-0.230674121366707,0.155986900156101
94,"spray_managementEarly",0.0585424494102878,0.054572429451197,1.07274772259573,0.283384322086835,-0.0484175468629111,0.165502445683487
94,"spray_managementLate",0.0846043248224055,0.0330351356753674,2.56104063424479,0.0104359149401676,0.0198566486742911,0.14935200097052
94,"spray_managementLate_plus",0.0858045476008141,0.0403813035606978,2.12485828922882,0.0335984393034335,0.00665864697306733,0.164950448228561
94,"spray_managementRecommended",0.0754140970374648,0.0278483408713862,2.70802836642063,0.00676842370559703,0.020832351900353,0.129995842174577
94,"spray_managementRecommended_plus",0.104220598715996,0.0363777268929037,2.86495632403921,0.00417066761866309,0.0329215641664704,0.175519633265521
95,"intrcpt",-0.0118446833593612,0.0990765320345315,-0.119550847371535,0.904838958471997,-0.206031117860172,0.182341751141449
95,"spray_managementEarly",0.0484861498863776,0.0520420575880056,0.931672422912663,0.351505842431005,-0.0535144086674729,0.150486708440228
95,"spray_managementLate",0.055258444661582,0.0285987714285877,1.93219645115052,0.053335263053737,-0.000794117340542973,0.111311006663707
95,"spray_managementLate_plus",0.0731041288128976,0.0361222542428223,2.02379752718295,0.0429909887663719,0.00230581145656666,0.143902446169229
95,"spray_managementRecommended",0.0399419555460956,0.0230409531536158,1.73352010569179,0.0830032670807158,-0.005217482804466,0.0851013938966571
95,"spray_managementRecommended_plus",0.0636806887794939,0.0285285485103999,2.23217415902809,0.0256034546029292,0.0077657611679063,0.119595616391081
96,"intrcpt",-0.0193691670196732,0.098716405128744,-0.196210214446244,0.844445633479923,-0.212849765755276,0.17411143171593
96,"spray_managementEarly",0.0520473381742026,0.0526490273894058,0.988571693627824,0.322872741192816,-0.0511428593300956,0.155237535678501
96,"spray_managementLate",0.0644740760189385,0.0297030056458087,2.17062464276359,0.0299595577457309,0.00625725472056353,0.122690897317313
96,"spray_managementLate_plus",0.0685682372462608,0.0376606395600173,1.82068701029328,0.0686544478549443,-0.00524525992611742,0.142381734418639
96,"spray_managementRecommended",0.0502873048622957,0.0237763949783114,2.11500965172253,0.0344291247086649,0.00368642702260635,0.096888182701985
96,"spray_managementRecommended_plus",0.078154157693063,0.0305975828445524,2.55425920701372,0.0106414004608357,0.0181839973037598,0.138124318082366
97,"intrcpt",-0.001628459806877,0.0996054580291303,-0.016349102138567,0.986955884923651,-0.196851570207588,0.193594650593834
97,"spray_managementEarly",0.0431760005786955,0.0514954810178481,0.838442514280639,0.401782220620213,-0.0577532875828528,0.144105288740244
97,"spray_managementLate",0.0443493012072463,0.0277026652864616,1.60090376679099,0.109398235182139,-0.00994692502998647,0.0986455274444791
97,"spray_managementLate_plus",0.0775886117324327,0.0349273860026263,2.22142623918659,0.0263221054634324,0.00913219309315669,0.146045030371709
97,"spray_managementRecommended",0.027936085696084,0.0224386917530759,1.24499618799098,0.213133151471463,-0.0160429420001406,0.0719151133923087
97,"spray_managementRecommended_plus",0.0432455067044735,0.0267104966627307,1.61904539816417,0.10543749559014,-0.00910610476365588,0.095597118172603
98,"intrcpt",-0.0204284560814041,0.0991935337575835,-0.205945441275725,0.836833529185815,-0.214844209745526,0.173987297582718
98,"spray_managementEarly",0.0519325946961953,0.0526479088643584,0.986413246345529,0.323930367501667,-0.0512554105392942,0.155120599931685
98,"spray_managementLate",0.0640348830591034,0.0295965003131185,2.16359645166291,0.0304953341047311,0.0060268083769627,0.122042957741244
98,"spray_managementLate_plus",0.0939962868576019,0.0364978835055003,2.57539007278152,0.0100127095159557,0.0224617496748827,0.165530824040321
98,"spray_managementRecommended",0.0479438734356322,0.0239036571717007,2.00571289536367,0.0448868885797364,0.00109356628030632,0.0947941805909581
98,"spray_managementRecommended_plus",0.0776954304037706,0.0306771380878973,2.53268183561175,0.011319364345922,0.0175693446027301,0.137821516204811
99,"intrcpt",-0.0431000941678867,0.0988642323683928,-0.435952347329062,0.662871303839042,-0.236870428969136,0.150670240633362
99,"spray_managementEarly",0.0606347419697068,0.0549662787119378,1.10312619647176,0.269972366010299,-0.0470971846698819,0.168366668609295
99,"spray_managementLate",0.0896018577961569,0.033621881317122,2.66498643996245,0.00769914271935472,0.0237041813221177,0.155499534270196
99,"spray_managementLate_plus",0.107130612840261,0.0397142411804911,2.69753644173585,0.00698546385721943,0.0292921304531614,0.184969095227361
99,"spray_managementRecommended",0.0791062227879179,0.0286887040280891,2.75739966191798,0.00582630913705563,0.0228773961297341,0.135335049446102
99,"spray_managementRecommended_plus",0.111922849046737,0.0373813185706012,2.99408510257204,0.00275269153271412,0.0386568109537401,0.185188887139733
100,"intrcpt",-0.00243733460593766,0.0995674445199179,-0.0244792323202599,0.980470348958796,-0.197585939897667,0.192711270685791
100,"spray_managementEarly",0.0435839754833456,0.0514879821027343,0.846488320252718,0.397280386782652,-0.0573306150746566,0.144498566041348
100,"spray_managementLate",0.0448468944172854,0.0276761447812212,1.62041696095313,0.10514273887603,-0.00939735258482441,0.0990911414193951
100,"spray_managementLate_plus",0.0735845103911174,0.0349851518065755,2.10330687709885,0.0354389526840628,0.00501487285656313,0.142154147925672
100,"spray_managementRecommended",0.0293759079291425,0.0224080328584783,1.31095434010968,0.189873190288036,-0.0145430294378651,0.0732948452961501
100,"spray_managementRecommended_plus",0.0440077102532057,0.0264424944402498,1.66427983383515,0.0960565204794379,-0.00781862651108446,0.0958340470174958
