"trial","trial_ref","year","host_genotype","location","row_spacing","n","planting_date","first_sign_disease","fungicide_ai","fungicide_application_1","fungicide_application_2","fungicide_application_3","total_fungicide","dose_ai.ha","grain_yield.t.ha","yield_error","yield_gain","prop_yield_gain","PM_final_severity","PM_final_severity_error","Y_Msquare","Inc_Ms","AUDPC_m","AUDPC_sd","AUDPS_m","AUDPS_sd","dose","fungicide_timing_1","fungicide_timing_2","fungicide_timing_3","cluster_1","cluster_2","cluster_3","spray_management","D_pres"
"mung1011/01_2011_Hermitage_Berken_0.75_lowDose","mung1011/01",2011,"Berken","Hermitage",0.75,6,2011-01-24,2011-03-28,"control",NA,NA,NA,0,0,1.6618554,0.0137647630583489,NA,NA,4.666666667,0.516397779,0.123816670755001,1568,38.5,5.42217668469038,77,10.8443533693808,"lowDose","control","control","control","Late",NA,NA,"control","lowD"
"mung1011/01_2011_Hermitage_Berken_0.75_lowDose","mung1011/01",2011,"Berken","Hermitage",0.75,3,2011-01-24,2011-03-28,"tebuconazole",2011-03-28,NA,NA,1,62.35,1.7693124,0.0377989656994327,0.2445887,0.160415096846727,2,0,0.123816670755001,1568,10.5,0,21,0,"lowDose","0",NA,NA,"Recommended",NA,NA,"Recommended","lowD"
"mung1011/01_2011_Hermitage_Crystal_0.75_lowDose","mung1011/01",2011,"Crystal","Hermitage",0.75,6,2011-01-24,2011-03-28,"control",NA,NA,NA,0,0,1.387592,0.0154915785431289,NA,NA,5,0,0.123816670755001,1568,42,0,84,0,"lowDose","control","control","control","Late",NA,NA,"control","lowD"
"mung1011/01_2011_Hermitage_Crystal_0.75_lowDose","mung1011/01",2011,"Crystal","Hermitage",0.75,3,2011-01-24,2011-03-28,"tebuconazole",2011-03-28,NA,NA,1,62.35,1.543895467,0.0164675679223445,0.019171767,0.0125739286403169,2.333333333,0.577350269,0.123816670755001,1568,14,6.06217782649107,28,12.1243556529821,"lowDose","0",NA,NA,"Recommended",NA,NA,"Recommended","lowD"
"mung1011/02_2011_Kingaroy_Berken_0.75_lowDose","mung1011/02",2011,"Berken","Kingaroy",0.75,6,2011-02-02,2011-03-22,"control",NA,NA,NA,0,0,0.79846,0.022813974255132,NA,NA,8,0,0.05400643395,17810.8472222222,211,10.5,254.333333333333,10.6926766215636,"lowDose","control","control","control","Late",NA,NA,"control","highD"
"mung1011/02_2011_Kingaroy_Crystal_0.75_lowDose","mung1011/02",2011,"Crystal","Kingaroy",0.75,6,2011-02-02,2011-03-22,"control",NA,NA,NA,0,0,0.79846,0.027289885594608,NA,NA,7.666666667,0.577350269,0.05400643395,17810.8472222222,173.166666666667,16.1658075373095,219.333333333333,20.2072594216369,"lowDose","control","control","control","Late",NA,NA,"control","highD"
"mung1011/02_2011_Kingaroy_Berken_0.75_lowDose","mung1011/02",2011,"Berken","Kingaroy",0.75,6,2011-02-02,2011-03-22,"tebuconazole",2011-03-23,NA,NA,1,62.35,1.05857,0.00679698230197897,0.26011,0.325764596848934,5.333333333,1.154700538,0.05400643395,17810.8472222222,96.3333333333333,10.7509689485801,123.666666666667,14.5716619962629,"lowDose","1",NA,NA,"Recommended",NA,NA,"Recommended","highD"
"mung1011/02_2011_Kingaroy_Crystal_0.75_lowDose","mung1011/02",2011,"Crystal","Kingaroy",0.75,6,2011-02-02,2011-03-22,"tebuconazole",2011-03-23,NA,NA,1,62.35,0.730195,0.0349196647471777,-0.0682649999999999,-0.085495829471733,4.333333333,0.577350269,0.05400643395,17810.8472222222,50.3333333333333,9.07377172587747,77,7,"lowDose","1",NA,NA,"Recommended",NA,NA,"Recommended","highD"
"mung1011/02_2011_Kingaroy_Berken_0.75_lowDose","mung1011/02",2011,"Berken","Kingaroy",0.75,6,2011-02-02,2011-03-22,"tebuconazole",2011-03-23,2011-04-13,NA,2,62.35,0.986235,0.0214610258634557,0.187775,0.235171455050973,3.333333333,0.577350269,0.05400643395,17810.8472222222,55.3333333333333,4.04145188432738,67.6666666666667,8.08290376865476,"lowDose","1","21",NA,"Recommended","Late",NA,"Recommended_plus","highD"
"mung1011/02_2011_Kingaroy_Crystal_0.75_lowDose","mung1011/02",2011,"Crystal","Kingaroy",0.75,6,2011-02-02,2011-03-22,"tebuconazole",2011-03-23,2011-04-13,NA,2,62.35,0.87542,0.0813156222025594,0.07696,0.0963855421686747,4,0,0.05400643395,17810.8472222222,45.5,6.06217782649107,67.6666666666667,8.08290376865476,"lowDose","1","21",NA,"Recommended","Late",NA,"Recommended_plus","highD"
"mung1112/01_2012_Gatton_Crystal_0.75_lowDose","mung1112/01",2012,"Crystal","Gatton",0.75,3,2012-02-20,2012-04-02,"control",NA,NA,NA,0,0,0.738,NA,NA,NA,7.5,0.95,NA,NA,169,NA,338,NA,"lowDose","control","control","control","Late",NA,NA,"control","highD"
"mung1112/01_2012_Gatton_Crystal_0.75_lowDose","mung1112/01",2012,"Crystal","Gatton",0.75,3,2012-02-20,2012-04-02,"tebuconazole",2012-04-02,NA,NA,1,62.35,0.81,NA,0.0720000000000001,0.0975609756097562,4.3,0.95,NA,NA,85.8,NA,171.6,NA,"lowDose","0",NA,NA,"Recommended",NA,NA,"Recommended","highD"
"mung1112/01_2012_Gatton_Crystal_0.75_lowDose","mung1112/01",2012,"Crystal","Gatton",0.75,3,2012-02-20,2012-04-02,"tebuconazole",2012-04-02,2012-04-16,NA,2,62.35,0.948,NA,0.21,0.284552845528455,3.3,0.95,NA,NA,59.8,NA,119.6,NA,"lowDose","0","14",NA,"Recommended","Recommended",NA,"Recommended_plus","highD"
"mung1112/01_2012_Gatton_Crystal_0.75_lowDose","mung1112/01",2012,"Crystal","Gatton",0.75,3,2012-02-20,2012-04-02,"propiconazole",2012-04-02,NA,NA,1,62.5,0.91,NA,0.172,0.233062330623306,6.3,0.95,NA,NA,137.8,NA,275.6,NA,"lowDose","0",NA,NA,"Recommended",NA,NA,"Recommended","highD"
"mung1112/01_2012_Gatton_Crystal_0.75_lowDose","mung1112/01",2012,"Crystal","Gatton",0.75,3,2012-02-20,2012-04-02,"propiconazole",2012-04-02,2012-04-16,NA,2,62.5,0.925,NA,0.187,0.253387533875339,3.3,0.95,NA,NA,59.8,NA,119.6,NA,"lowDose","0","14",NA,"Recommended","Recommended",NA,"Recommended_plus","highD"
"mung1112/01_2012_Gatton_Crystal_0.75_highDose","mung1112/01",2012,"Crystal","Gatton",0.75,3,2012-02-20,2012-04-02,"propiconazole",2012-04-02,NA,NA,1,125,0.86,NA,0.122,0.165311653116531,5.3,0.95,NA,NA,111.8,NA,223.6,NA,"highDose","0",NA,NA,"Recommended",NA,NA,"Recommended","highD"
"mung1112/01_2012_Gatton_Crystal_0.75_highDose","mung1112/01",2012,"Crystal","Gatton",0.75,3,2012-02-20,2012-04-02,"propiconazole",2012-04-02,2012-04-16,NA,2,125,0.944,NA,0.206,0.279132791327913,2,0.95,NA,NA,26,NA,52,NA,"highDose","0","14",NA,"Recommended","Recommended",NA,"Recommended_plus","highD"
"mung1112/02_2012_Kingaroy_Crystal_0.75_lowDose","mung1112/02",2012,"Crystal","Kingaroy",0.75,3,2012-02-03,2012-03-12,"control",NA,NA,NA,0,0,0.751,0.0105069468148756,NA,NA,8,1.3,NA,NA,196,NA,392,NA,"lowDose","control","control","control","Late",NA,NA,"control","highD"
"mung1112/02_2012_Kingaroy_Crystal_0.75_lowDose","mung1112/02",2012,"Crystal","Kingaroy",0.75,3,2012-02-03,2012-03-12,"tebuconazole",2012-03-13,NA,NA,1,62.35,1.09,0.0105069468148756,0.339,0.451398135818908,8,1.3,NA,NA,196,NA,392,NA,"lowDose","1",NA,NA,"Recommended",NA,NA,"Recommended","highD"
"mung1112/02_2012_Kingaroy_Crystal_0.75_lowDose","mung1112/02",2012,"Crystal","Kingaroy",0.75,3,2012-02-03,2012-03-12,"tebuconazole",2012-03-13,2012-03-30,NA,2,62.35,1.098,0.0105069468148756,0.347,0.462050599201065,4.3,1.3,NA,NA,92.4,NA,184.8,NA,"lowDose","1","17",NA,"Recommended","Late",NA,"Recommended_plus","highD"
"mung1112/02_2012_Kingaroy_Crystal_0.75_lowDose","mung1112/02",2012,"Crystal","Kingaroy",0.75,3,2012-02-03,2012-03-12,"propiconazole",2012-03-13,NA,NA,1,62.5,1.036,0.0105069468148756,0.285,0.379494007989348,7.7,1.3,NA,NA,187.6,NA,375.2,NA,"lowDose","1",NA,NA,"Recommended",NA,NA,"Recommended","highD"
"mung1112/02_2012_Kingaroy_Crystal_0.75_lowDose","mung1112/02",2012,"Crystal","Kingaroy",0.75,3,2012-02-03,2012-03-12,"propiconazole",2012-03-13,2012-03-30,NA,2,62.5,1.201,0.0105069468148756,0.45,0.599201065246338,4.7,1.3,NA,NA,103.6,NA,207.2,NA,"lowDose","1","17",NA,"Recommended","Late",NA,"Recommended_plus","highD"
"mung1112/02_2012_Kingaroy_Crystal_0.75_highDose","mung1112/02",2012,"Crystal","Kingaroy",0.75,3,2012-02-03,2012-03-12,"propiconazole",2012-03-13,NA,NA,1,125,1.057,0.0105069468148756,0.306,0.40745672436751,7.3,1.3,NA,NA,176.4,NA,352.8,NA,"highDose","1",NA,NA,"Recommended",NA,NA,"Recommended","highD"
"mung1112/02_2012_Kingaroy_Crystal_0.75_highDose","mung1112/02",2012,"Crystal","Kingaroy",0.75,3,2012-02-03,2012-03-12,"propiconazole",2012-03-13,2012-03-30,NA,2,125,1.323,0.0105069468148756,0.572,0.761651131824234,1.7,1.3,NA,NA,19.6,NA,39.2,NA,"highDose","1","17",NA,"Recommended","Late",NA,"Recommended_plus","highD"
"AM1303_2013_Premer_Crystal_NA_lowDose","AM1303",2013,"Crystal","Premer",0.33,3,2012-12-28,2013-02-28,"control",NA,NA,NA,0,0,1.421568627,0.00507283524189792,NA,NA,8,0,0.00981471246813906,417.180555555555,24.5,0,49,0,"lowDose","control","control","control","Late",NA,NA,"control","lowD"
"AM1303_2013_Premer_Crystal_NA_lowDose","AM1303",2013,"Crystal","Premer",0.33,3,2012-12-28,2013-02-28,"propiconazole",2013-02-28,NA,NA,1,62.5,1.450163399,0.0547832831177241,0.0285947719999999,0.0201149430684502,7.833333333,0.288675135,0.00981471246813906,417.180555555555,23.9166666666667,1.01036297108185,47.8333333333333,2.02072594216369,"lowDose","0",NA,NA,"Recommended",NA,NA,"Recommended","lowD"
"AM1303_2013_Premer_Crystal_NA_lowDose","AM1303",2013,"Crystal","Premer",0.33,3,2012-12-28,2013-02-28,"propiconazole",2013-02-28,2013-03-19,NA,2,62.5,1.344635076,0.0523984389131448,-0.076933551,-0.0541187738240653,2.166666667,0.288675135,0.00981471246813906,417.180555555555,4.08333333333333,1.01036297108185,8.16666666666667,2.02072594216369,"lowDose","0","19",NA,"Recommended","Late",NA,"Recommended_plus","lowD"
"AM1303_2013_Premer_Crystal_NA_lowDose","AM1303",2013,"Crystal","Premer",0.33,3,2012-12-28,2013-02-28,"propiconazole",2013-02-28,2013-03-19,2013-03-31,3,62.5,1.33374183,0.0219391780247272,-0.0878267970000002,-0.0617816089437377,2,0.866025404,0.00981471246813906,417.180555555555,3.5,3.03108891324554,7,6.06217782649107,"lowDose","0","19","12","Recommended","Late","Early","Recommended_plus","lowD"
"BB1305_2013_Millmerran_Crystal_0.33_lowDose","BB1305",2013,"Crystal","Millmerran",0.33,4,2013-01-12,2013-03-13,"control",NA,NA,NA,0,0,0.802083333,0.00308925656512856,NA,NA,8,0,0.00317486063052673,14556.5104166667,153.625,35.9968169889135,213.75,33.3629035507003,"lowDose","control","control","control","Late",NA,NA,"control","highD"
"BB1305_2013_Millmerran_Crystal_0.33_lowDose","BB1305",2013,"Crystal","Millmerran",0.33,4,2013-01-12,2013-03-13,"propiconazole",2013-03-13,NA,NA,1,62.5,0.802696078,0.00442738369303374,0.00061274499999997,0.000763941818499263,8,0,0.00317486063052673,14556.5104166667,66.5,0,133,0,"lowDose","0",NA,NA,"Recommended",NA,NA,"Recommended","highD"
"BB1305_2013_Millmerran_Crystal_0.33_lowDose","BB1305",2013,"Crystal","Millmerran",0.33,4,2013-01-12,2013-03-13,"propiconazole",2013-03-13,2013-03-21,NA,2,62.5,0.771446078,0.00729436999738305,-0.030637255,-0.0381970971587313,5.625,2.174664725,0.00317486063052673,14556.5104166667,49.0625,27.8443403884284,92.625,47.4207672509278,"lowDose","0","8",NA,"Recommended","Early",NA,"Recommended_plus","highD"
"BB1305_2013_Millmerran_Crystal_0.33_lowDose","BB1305",2013,"Crystal","Millmerran",0.33,4,2013-01-12,2013-03-13,"propiconazole",2013-03-13,2013-03-21,2013-03-28,3,62.5,0.743872549,0.015000240261819,-0.058210784,-0.0725744839782128,1.625,0.75,0.00317486063052673,14556.5104166667,11.0625,14.3008959509536,16.625,19.5847517216839,"lowDose","0","8","7","Recommended","Early","Early","Recommended_plus","highD"
"AM1304_2013_Marys Mount_Crystal_1_lowDose","AM1304",2013,"Crystal","Marys Mount",1,4,2012-12-24,2013-03-16,"control",NA,NA,NA,0,0,1.09375,0.00799289837586612,NA,NA,3,1,0.019650324836153,1811.83680555555,47.125,27.7139405354056,73.625,40.5840177902583,"lowDose","control","control","control","Late",NA,NA,"control","lowD"
"AM1304_2013_Marys Mount_Crystal_1_lowDose","AM1304",2013,"Crystal","Marys Mount",1,3,2012-12-24,2013-03-16,"propiconazole",2013-02-28,NA,NA,1,62.5,1.265432099,0.00928783723897748,0.171682099,0.156966490514286,3.166666667,1.154700538,0.019650324836153,1811.83680555555,30.5833333333333,17.0391705588427,53.8333333333333,29.022979401387,"lowDose","-16",NA,NA,"Early",NA,NA,"Early","lowD"
"AM1305_2013_Goolhi_Crystal_0.33_lowDose","AM1305",2013,"Crystal","Goolhi",0.33,4,2013-01-23,2013-03-25,"control",NA,NA,NA,0,0,0.694444444,0.00925925928525202,NA,NA,7,4,0.010352366255144,21560.3541666667,161,32.8836332137027,218.875,66.7037917462968,"lowDose","control","control","control","Late",NA,NA,"control","highD"
"AM1305_2013_Goolhi_Crystal_0.33_lowDose","AM1305",2013,"Crystal","Goolhi",0.33,4,2013-01-23,2013-03-25,"propiconazole",2013-03-28,NA,NA,1,62.5,0.652777778,0.00282921812025603,-0.041666666,-0.0599999990784,3.75,2.783882181,0.010352366255144,21560.3541666667,37.375,18.237438599394,61.625,40.6906520796444,"lowDose","3",NA,NA,"Recommended",NA,NA,"Recommended","highD"
"AM1305_2013_Goolhi_Crystal_0.33_lowDose","AM1305",2013,"Crystal","Goolhi",0.33,4,2013-01-23,2013-03-25,"propiconazole",2013-03-28,2013-04-13,NA,2,62.5,0.722222222,0.0298353910418946,0.0277777779999999,0.0400000003455999,2.75,3.5,0.010352366255144,21560.3541666667,14.875,29.75,29.75,59.5,"lowDose","3","16",NA,"Recommended","Recommended",NA,"Recommended_plus","highD"
"AM1305_2013_Goolhi_Crystal_0.33_lowDose","AM1305",2013,"Crystal","Goolhi",0.33,4,2013-01-23,2013-03-25,"propiconazole",2013-03-28,2013-04-13,2013-04-27,3,62.5,0.604166667,0.00585133739058123,-0.0902777770000001,-0.1299999989632,1,0,0.010352366255144,21560.3541666667,0,0,0,0,"lowDose","3","16","14","Recommended","Recommended","Recommended","Recommended_plus","highD"
"mung1415/01_2015_Hermitage_Jade_0.75_lowDose","mung1415/01",2015,"Jade","Hermitage",0.75,5,2015-01-19,2015-03-16,"control",NA,NA,NA,0,0,2.044947969,0.031852060249817,NA,NA,7.8,0.447213595,0.0398494193468165,2530.57333333333,82.6,12.5319591445233,110.6,15.1756383720752,"lowDose","control","control","control","Late",NA,NA,"control","lowD"
"mung1415/01_2015_Hermitage_Jade_0.75_lowDose","mung1415/01",2015,"Jade","Hermitage",0.75,5,2015-01-19,2015-03-16,"tebuconazole",2015-03-17,NA,NA,1,62.35,2.018320816,0.0277438572506359,-0.0266271529999997,-0.0130209440062285,6.6,0.547722558,0.0398494193468165,2530.57333333333,61.8,3.32791225845875,86.8,6.26099033699941,"lowDose","1",NA,NA,"Recommended",NA,NA,"Recommended","lowD"
"mung1415/01_2015_Hermitage_Jade_0.75_lowDose","mung1415/01",2015,"Jade","Hermitage",0.75,5,2015-01-19,2015-03-16,"tebuconazole",2015-03-17,2015-03-31,NA,2,62.35,2.152443359,0.0615265080588906,0.10749539,0.0525663203316446,5.4,1.140175425,0.0398494193468165,2530.57333333333,55.4,19.8097198364843,75.6,24.9459415536876,"lowDose","1","14",NA,"Recommended","Recommended",NA,"Recommended_plus","lowD"
"mung1415/01_2015_Hermitage_Jade_0.75_lowDose","mung1415/01",2015,"Jade","Hermitage",0.75,5,2015-01-19,2015-03-16,"tebuconazole",2015-03-24,NA,NA,1,62.35,2.123954192,0.0037754514038688,0.0790062229999999,0.0386348328650312,6.6,0.547722558,0.0398494193468165,2530.57333333333,79.4,5.30801281083609,105,7,"lowDose","8",NA,NA,"Late",NA,NA,"Late","lowD"
"mung1415/01_2015_Hermitage_Jade_0.75_lowDose","mung1415/01",2015,"Jade","Hermitage",0.75,5,2015-01-19,2015-03-16,"tebuconazole",2015-03-23,2015-04-07,NA,2,62.35,2.175522296,0.013547480596386,0.130574327,0.0638521512426804,6.4,0.547722558,0.0398494193468165,2530.57333333333,73.7,7.2852590894216,98,8.57321409974112,"lowDose","7","15",NA,"Late","Recommended",NA,"Late_plus","lowD"
"mung1516/03_2016_Emerald_Jade_0.75_lowDose","mung1516/03",2016,"Jade","Emerald",0.75,4,2016-02-12,2016-03-17,"control",NA,NA,NA,0,0,0.805,NA,NA,NA,4.5,NA,NA,NA,77,NA,154,NA,"lowDose","control","control","control","Late",NA,NA,"control","lowD"
"mung1516/03_2016_Emerald_Jade_0.75_lowDose","mung1516/03",2016,"Jade","Emerald",0.75,4,2016-02-12,2016-03-17,"tebuconazole",2016-03-17,NA,NA,1,62.35,0.87,NA,0.0649999999999999,0.0807453416149068,3.5,NA,NA,NA,55,NA,110,NA,"lowDose","0",NA,NA,"Recommended",NA,NA,"Recommended","lowD"
"mung1516/03_2016_Emerald_Jade_0.75_lowDose","mung1516/03",2016,"Jade","Emerald",0.75,4,2016-02-12,2016-03-17,"tebuconazole",2016-03-17,2016-03-31,NA,2,62.35,0.833,NA,0.0279999999999999,0.0347826086956521,2.5,NA,NA,NA,33,NA,66,NA,"lowDose","0","14",NA,"Recommended","Recommended",NA,"Recommended_plus","lowD"
"mung1516/03_2016_Emerald_Jade_0.75_lowDose","mung1516/03",2016,"Jade","Emerald",0.75,4,2016-02-12,2016-03-17,"tebuconazole",2016-03-17,2016-03-31,NA,2,62.35,0.848,NA,0.0429999999999999,0.0534161490683229,2.8,NA,NA,NA,39.6,NA,79.2,NA,"lowDose","0","14",NA,"Recommended","Recommended",NA,"Recommended_plus","lowD"
"mung1516/03_2016_Emerald_Jade_0.75_lowDose","mung1516/03",2016,"Jade","Emerald",0.75,4,2016-02-12,2016-03-17,"tebuconazole",2016-03-17,NA,NA,1,62.35,0.926,NA,0.121,0.150310559006211,3.3,NA,NA,NA,50.6,NA,101.2,NA,"lowDose","0",NA,NA,"Recommended",NA,NA,"Recommended","lowD"
"mung1516/03_2016_Emerald_Jade_0.75_lowDose","mung1516/03",2016,"Jade","Emerald",0.75,4,2016-02-12,2016-03-17,"tebuconazole",2016-03-17,2016-03-31,NA,2,62.35,0.805,NA,0,0,2.8,NA,NA,NA,39.6,NA,79.2,NA,"lowDose","0","14",NA,"Recommended","Recommended",NA,"Recommended_plus","lowD"
"mung1516/03_2016_Emerald_Jade_0.75_lowDose","mung1516/03",2016,"Jade","Emerald",0.75,4,2016-02-12,2016-03-17,"tebuconazole",2016-04-05,2016-04-20,NA,2,62.35,0.784,NA,-0.021,-0.0260869565217392,4.5,NA,NA,NA,77,NA,154,NA,"lowDose","19","15",NA,"Late","Recommended",NA,"Late_plus","lowD"
"mung1516/01_2016_Hermitage_Jade_0.75_lowDose","mung1516/01",2016,"Jade","Hermitage",0.75,4,2016-02-03,2016-03-08,"control",NA,NA,NA,0,0,1.802901496,0.016466115303811,NA,NA,8,NA,0.156540054713087,546.872023809523,119.625,NA,188.75,NA,"lowDose","control","control","control","Late",NA,NA,"control","lowD"
"mung1516/01_2016_Hermitage_Jade_0.75_lowDose","mung1516/01",2016,"Jade","Hermitage",0.75,4,2016-02-03,2016-03-08,"tebuconazole",2016-03-17,NA,NA,1,62.35,2.215924265,0.00829447420459202,0.413022769,0.229087817563162,6.25,NA,0.156540054713087,546.872023809523,71.75,NA,120,NA,"lowDose","9",NA,NA,"Late",NA,NA,"Late","lowD"
"mung1516/01_2016_Hermitage_Jade_0.75_lowDose","mung1516/01",2016,"Jade","Hermitage",0.75,4,2016-02-03,2016-03-08,"tebuconazole",2016-03-17,2016-03-30,NA,2,62.35,2.370054229,0.00374645182672676,0.567152733,0.314577770476263,4.5,NA,0.156540054713087,546.872023809523,61.75,NA,97.5,NA,"lowDose","9","13",NA,"Late","Recommended",NA,"Late_plus","lowD"
"mung1516/01_2016_Hermitage_Jade_0.75_lowDose","mung1516/01",2016,"Jade","Hermitage",0.75,4,2016-02-03,2016-03-08,"tebuconazole",2016-03-17,2016-03-30,2016-04-13,3,62.35,2.292995013,0.0005398294436929,0.490093517,0.271835992197768,3,NA,0.156540054713087,546.872023809523,50.5,NA,75,NA,"lowDose","9","13","14","Late","Recommended","Recommended","Late_plus","lowD"
"mung1516/01_2016_Hermitage_Jade_0.75_lowDose","mung1516/01",2016,"Jade","Hermitage",0.75,4,2016-02-03,2016-03-08,"tebuconazole",2016-03-08,NA,NA,1,62.35,2.141427103,0.0150574518061985,0.338525607,0.187767111931,4,NA,0.156540054713087,546.872023809523,61.125,NA,93.75,NA,"lowDose","0",NA,NA,"Recommended",NA,NA,"Recommended","lowD"
"mung1516/01_2016_Hermitage_Jade_0.75_lowDose","mung1516/01",2016,"Jade","Hermitage",0.75,4,2016-02-03,2016-03-08,"tebuconazole",2016-03-08,2016-03-22,NA,2,62.35,2.338146562,0.00461464480860533,0.535245066,0.296879816888232,7.5,NA,0.156540054713087,546.872023809523,64.375,NA,116.25,NA,"lowDose","0","14",NA,"Recommended","Recommended",NA,"Recommended_plus","lowD"
"mung1516/01_2016_Hermitage_Jade_0.75_lowDose","mung1516/01",2016,"Jade","Hermitage",0.75,4,2016-02-03,2016-03-08,"tebuconazole",2016-03-17,2016-03-30,NA,2,62.35,2.334551408,0.00195922874960698,0.531649912,0.294885723473824,6.5,NA,0.156540054713087,546.872023809523,53.75,NA,97.5,NA,"lowDose","9","13",NA,"Late","Recommended",NA,"Late_plus","lowD"
"mung1516/02_2016_Kingaroy_Jade_0.75_lowDose","mung1516/02",2016,"Jade","Kingaroy",0.75,4,2016-02-11,2016-03-09,"control",NA,NA,NA,0,0,0.810740008,0.0431215272478452,NA,NA,8.25,NA,0.0264879032816503,2217.90476190476,172,NA,172,NA,"lowDose","control","control","control","Late",NA,NA,"control","highD"
"mung1516/02_2016_Kingaroy_Jade_0.75_lowDose","mung1516/02",2016,"Jade","Kingaroy",0.75,4,2016-02-11,2016-03-09,"tebuconazole",2016-03-22,NA,NA,1,62.35,1.03085097,0.01832469983025,0.220110962,0.271493894254692,7,NA,0.0264879032816503,2217.90476190476,113.5,NA,113.5,NA,"lowDose","13",NA,NA,"Late",NA,NA,"Late","highD"
"mung1516/02_2016_Kingaroy_Jade_0.75_lowDose","mung1516/02",2016,"Jade","Kingaroy",0.75,4,2016-02-11,2016-03-09,"tebuconazole",2016-03-22,2016-04-05,NA,2,62.35,1.033918558,0.0139856839888551,0.22317855,0.27527758319286,2.25,NA,0.0264879032816503,2217.90476190476,47,NA,47,NA,"lowDose","13","14",NA,"Late","Recommended",NA,"Late_plus","highD"
"mung1516/02_2016_Kingaroy_Jade_0.75_lowDose","mung1516/02",2016,"Jade","Kingaroy",0.75,4,2016-02-11,2016-03-09,"tebuconazole",2016-03-22,2016-04-05,2016-04-19,3,62.35,0.872801149,0.0524049368701925,0.062061141,0.0765487584029528,2.5,NA,0.0264879032816503,2217.90476190476,54,NA,54,NA,"lowDose","13","14","14","Late","Recommended","Recommended","Late_plus","highD"
"mung1516/02_2016_Kingaroy_Jade_0.75_lowDose","mung1516/02",2016,"Jade","Kingaroy",0.75,4,2016-02-11,2016-03-09,"tebuconazole",2016-03-09,NA,NA,1,62.35,0.898972663,0.0383687275915969,0.088232655,0.108829777893482,7.75,NA,0.0264879032816503,2217.90476190476,140,NA,140,NA,"lowDose","0",NA,NA,"Recommended",NA,NA,"Recommended","highD"
"mung1516/02_2016_Kingaroy_Jade_0.75_lowDose","mung1516/02",2016,"Jade","Kingaroy",0.75,4,2016-02-11,2016-03-09,"tebuconazole",2016-03-09,2016-03-22,NA,2,62.35,0.94382869,0.0325174904396885,0.133088682,0.164157042562034,6.5,NA,0.0264879032816503,2217.90476190476,87.5,NA,87.5,NA,"lowDose","0","13",NA,"Recommended","Recommended",NA,"Recommended_plus","highD"
"mung1516/02_2016_Kingaroy_Jade_0.75_lowDose","mung1516/02",2016,"Jade","Kingaroy",0.75,4,2016-02-11,2016-03-09,"tebuconazole",2016-03-22,2016-04-05,NA,2,62.35,0.944349142,0.00893856150700915,0.133609134,0.164798989419059,2.75,NA,0.0264879032816503,2217.90476190476,63.5,NA,63.5,NA,"lowDose","13","14",NA,"Late","Recommended",NA,"Late_plus","highD"
"mung1617/02_2017_Missen Flats_Jade_0.25_lowDose","mung1617/02",2017,"Jade","Missen Flats",0.25,3,2017-01-27,2017-03-07,"control",NA,NA,NA,0,0,1.64185917947517,0.0985910561464538,NA,NA,9,0,0.725081741379952,12576.4356481482,233.666666666667,4.90747728811182,261.333333333333,4.61880215351701,"lowDose","control","control","control","Late",NA,NA,"control","highD"
"mung1617/02_2017_Missen Flats_Jade_0.25_lowDose","mung1617/02",2017,"Jade","Missen Flats",0.25,3,2017-01-27,2017-03-07,"control",NA,NA,NA,0,0,2.08394144307694,0.50225166919027,NA,NA,9,0,0.725081741379952,12576.4356481482,239.5,4.35889894354067,266.333333333333,4.93288286231625,"lowDose","control","control","control","Late",NA,NA,"control","highD"
"mung1617/02_2017_Missen Flats_Jade_0.25_lowDose","mung1617/02",2017,"Jade","Missen Flats",0.25,3,2017-01-27,2017-03-07,"control",NA,NA,NA,0,0,1.82489561071677,0.0857635176903049,NA,NA,9,0,0.725081741379952,12576.4356481482,241.833333333333,4.61880215351701,269.333333333333,4.61880215351701,"lowDose","control","control","control","Late",NA,NA,"control","highD"
"mung1617/02_2017_Missen Flats_Jade_0.5_lowDose","mung1617/02",2017,"Jade","Missen Flats",0.5,3,2017-01-27,2017-03-07,"control",NA,NA,NA,0,0,1.50457259936667,0.027716399618229,NA,NA,9,0,0.725081741379952,12576.4356481482,242.333333333333,11.8988794990677,269,12.7671453348037,"lowDose","control","control","control","Late",NA,NA,"control","highD"
"mung1617/02_2017_Missen Flats_Jade_0.5_lowDose","mung1617/02",2017,"Jade","Missen Flats",0.5,3,2017-01-27,2017-03-07,"control",NA,NA,NA,0,0,1.482819981829,0.000452218464484352,NA,NA,9,0,0.725081741379952,12576.4356481482,239.5,8.66025403784439,266.333333333333,9.81495457622364,"lowDose","control","control","control","Late",NA,NA,"control","highD"
"mung1617/02_2017_Missen Flats_Jade_0.5_lowDose","mung1617/02",2017,"Jade","Missen Flats",0.5,3,2017-01-27,2017-03-07,"control",NA,NA,NA,0,0,1.60854019106295,0.00703142992338939,NA,NA,9,0,0.725081741379952,12576.4356481482,241.833333333333,4.61880215351701,269.333333333333,4.61880215351701,"lowDose","control","control","control","Late",NA,NA,"control","highD"
"mung1617/02_2017_Missen Flats_Jade_1_lowDose","mung1617/02",2017,"Jade","Missen Flats",1,3,2017-01-27,2017-03-07,"control",NA,NA,NA,0,0,1.4483717562427,0.0193019669943071,NA,NA,9,0,0.725081741379952,12576.4356481482,237.333333333333,13.5677313259562,265.333333333333,12.7017059221718,"lowDose","control","control","control","Late",NA,NA,"control","highD"
"mung1617/02_2017_Missen Flats_Jade_1_lowDose","mung1617/02",2017,"Jade","Missen Flats",1,3,2017-01-27,2017-03-07,"control",NA,NA,NA,0,0,1.22652004295404,0.0254884378906002,NA,NA,8.66666666666667,0.577350269189626,0.725081741379952,12576.4356481482,241,10.5,266.333333333333,12.6622799421484,"lowDose","control","control","control","Late",NA,NA,"control","highD"
"mung1617/02_2017_Missen Flats_Jade_1_lowDose","mung1617/02",2017,"Jade","Missen Flats",1,3,2017-01-27,2017-03-07,"control",NA,NA,NA,0,0,1.22788870327402,0.0218605353235664,NA,NA,9,0,0.725081741379952,12576.4356481482,239.5,8.66025403784439,267.333333333333,8.08290376865476,"lowDose","control","control","control","Late",NA,NA,"control","highD"
"mung1617/02_2017_Missen Flats_Jade_0.25_highDose","mung1617/02",2017,"Jade","Missen Flats",0.25,3,2017-01-27,2017-03-07,"propiconazole",2017-02-22,NA,NA,1,125,1.79140591284947,0.183791568700843,-0.0588261649068234,-0.0317939385086003,8.66666666666667,0.577350269189626,0.725081741379952,12576.4356481482,212.166666666667,8.32666399786453,242.333333333333,6.80685928555405,"highDose","-13",NA,NA,"Early",NA,NA,"Early","highD"
"mung1617/02_2017_Missen Flats_Jade_0.25_lowDose","mung1617/02",2017,"Jade","Missen Flats",0.25,3,2017-01-27,2017-03-07,"tebuconazole",2017-02-22,NA,NA,1,62,1.72428223032494,0.102597379455566,-0.125949847431353,-0.0680724590960977,9,0,0.725081741379952,12576.4356481482,223.833333333333,19.6044212700435,254,16.3707055437449,"lowDose","-13",NA,NA,"Early",NA,NA,"Early","highD"
"mung1617/02_2017_Missen Flats_Jade_0.5_highDose","mung1617/02",2017,"Jade","Missen Flats",0.5,3,2017-01-27,2017-03-07,"propiconazole",2017-02-22,NA,NA,1,125,1.73300367195536,0.0719071908066688,0.201026081202487,0.131219988083308,8.66666666666667,0.577350269189626,0.725081741379952,12576.4356481482,230.666666666667,13.7870712384224,257.333333333333,16.6232768530556,"highDose","-13",NA,NA,"Early",NA,NA,"Early","highD"
"mung1617/02_2017_Missen Flats_Jade_0.5_lowDose","mung1617/02",2017,"Jade","Missen Flats",0.5,3,2017-01-27,2017-03-07,"tebuconazole",2017-02-22,NA,NA,1,62,1.71727960263914,0.000607153950543678,0.185302011886266,0.120956085131247,9,0,0.725081741379952,12576.4356481482,224.166666666667,16.6533279957291,252.666666666667,11.6761865920913,"lowDose","-13",NA,NA,"Early",NA,NA,"Early","highD"
"mung1617/02_2017_Missen Flats_Jade_1_highDose","mung1617/02",2017,"Jade","Missen Flats",1,3,2017-01-27,2017-03-07,"propiconazole",2017-02-22,NA,NA,1,125,1.13017710935448,0.015733969628105,-0.17074972480244,-0.131252365866599,9,0,0.725081741379952,12576.4356481482,229,13.865424623862,259.666666666667,13.4288247189891,"highDose","-13",NA,NA,"Early",NA,NA,"Early","highD"
"mung1617/02_2017_Missen Flats_Jade_1_lowDose","mung1617/02",2017,"Jade","Missen Flats",1,3,2017-01-27,2017-03-07,"tebuconazole",2017-02-22,NA,NA,1,62,1.44352027878832,0.0310373583871382,0.1425934446314,0.10960911935052,9,0,0.725081741379952,12576.4356481482,223.666666666667,10.1036297108185,254,6.92820323027551,"lowDose","-13",NA,NA,"Early",NA,NA,"Early","highD"
"mung1617/02_2017_Missen Flats_Jade_0.25_highDose","mung1617/02",2017,"Jade","Missen Flats",0.25,3,2017-01-27,2017-03-07,"propiconazole",2017-03-08,NA,NA,1,125,2.10055596464823,0.0772310354723847,0.250323886891937,0.135293236941117,8,0,0.725081741379952,12576.4356481482,159.833333333333,4.90747728811182,185.666666666667,4.61880215351701,"highDose","1",NA,NA,"Recommended",NA,NA,"Recommended","highD"
"mung1617/02_2017_Missen Flats_Jade_0.25_lowDose","mung1617/02",2017,"Jade","Missen Flats",0.25,3,2017-01-27,2017-03-07,"tebuconazole",2017-03-08,NA,NA,1,62,1.92185223946871,0.0102036588011125,0.0716201617124168,0.0387087450128245,8.66666666666667,0.577350269189626,0.725081741379952,12576.4356481482,197.166666666667,21.7791949652262,229.333333333333,22.1885856541902,"lowDose","1",NA,NA,"Recommended",NA,NA,"Recommended","highD"
"mung1617/02_2017_Missen Flats_Jade_0.5_highDose","mung1617/02",2017,"Jade","Missen Flats",0.5,3,2017-01-27,2017-03-07,"propiconazole",2017-03-08,NA,NA,1,125,1.85921909000592,0.065699490799386,0.327241499253047,0.213607236312267,8.33333333333333,0.577350269189626,0.725081741379952,12576.4356481482,168.666666666667,18.9230899520489,197,25.1197133741609,"highDose","1",NA,NA,"Recommended",NA,NA,"Recommended","highD"
"mung1617/02_2017_Missen Flats_Jade_0.5_lowDose","mung1617/02",2017,"Jade","Missen Flats",0.5,3,2017-01-27,2017-03-07,"tebuconazole",2017-03-08,NA,NA,1,62,1.86099263358939,4.71402835440746e-05,0.329015042836517,0.214764918770663,8.33333333333333,0.577350269189626,0.725081741379952,12576.4356481482,198.5,17.3493515728975,228.333333333333,19.5021366350801,"lowDose","1",NA,NA,"Recommended",NA,NA,"Recommended","highD"
"mung1617/02_2017_Missen Flats_Jade_1_highDose","mung1617/02",2017,"Jade","Missen Flats",1,3,2017-01-27,2017-03-07,"propiconazole",2017-03-08,NA,NA,1,125,1.49809569835384,0.0330529921869264,0.19716886419692,0.151560302255351,8.66666666666667,0.577350269189626,0.725081741379952,12576.4356481482,175.166666666667,9.07377172587747,205.333333333333,13.2035348802256,"highDose","1",NA,NA,"Recommended",NA,NA,"Recommended","highD"
"mung1617/02_2017_Missen Flats_Jade_1_lowDose","mung1617/02",2017,"Jade","Missen Flats",1,3,2017-01-27,2017-03-07,"tebuconazole",2017-03-08,NA,NA,1,62,1.38905793764705,0.0858812045940125,0.08813110349013,0.0677448578783789,8,0,0.725081741379952,12576.4356481482,186.833333333333,7.50555349946513,216.666666666667,7.09459888459759,"lowDose","1",NA,NA,"Recommended",NA,NA,"Recommended","highD"
"mung1617/02_2017_Missen Flats_Jade_0.25_highDose","mung1617/02",2017,"Jade","Missen Flats",0.25,3,2017-01-27,2017-03-07,"propiconazole",2017-03-08,2017-03-24,NA,2,125,2.10169943137247,0.0965726077406707,0.251467353616177,0.135911249534232,8,0,0.725081741379952,12576.4356481482,174.166666666667,51.8105523357292,198,51.4198405287298,"highDose","1","16",NA,"Recommended","Recommended",NA,"Recommended_plus","highD"
"mung1617/02_2017_Missen Flats_Jade_0.25_lowDose","mung1617/02",2017,"Jade","Missen Flats",0.25,3,2017-01-27,2017-03-07,"tebuconazole",2017-03-08,2017-03-24,NA,2,62,2.52625284274188,0.035637857981964,0.676020764985586,0.365370794892591,8,0,0.725081741379952,12576.4356481482,158.333333333333,3.685557397916,186.666666666667,5.5075705472861,"lowDose","1","16",NA,"Recommended","Recommended",NA,"Recommended_plus","highD"
"mung1617/02_2017_Missen Flats_Jade_0.5_highDose","mung1617/02",2017,"Jade","Missen Flats",0.5,3,2017-01-27,2017-03-07,"propiconazole",2017-03-08,2017-03-24,NA,2,125,2.17948109067472,0.0706453264120261,0.647503499921847,0.422658597508361,7.66666666666667,0.577350269189626,0.725081741379952,12576.4356481482,149.666666666667,18.6435869224067,175.333333333333,22.5018517756502,"highDose","1","16",NA,"Recommended","Recommended",NA,"Recommended_plus","highD"
"mung1617/02_2017_Missen Flats_Jade_0.5_lowDose","mung1617/02",2017,"Jade","Missen Flats",0.5,3,2017-01-27,2017-03-07,"tebuconazole",2017-03-08,2017-03-24,NA,2,62,2.00060078831778,0.0144912072946915,0.468623197564906,0.30589429009507,8,0,0.725081741379952,12576.4356481482,191.5,11.8215904175369,219.333333333333,11.7189305541646,"lowDose","1","16",NA,"Recommended","Recommended",NA,"Recommended_plus","highD"
"mung1617/02_2017_Missen Flats_Jade_1_highDose","mung1617/02",2017,"Jade","Missen Flats",1,3,2017-01-27,2017-03-07,"propiconazole",2017-03-08,2017-03-24,NA,2,125,1.97373902422586,0.127424188682873,0.67281219006894,0.51717911599922,8,0,0.725081741379952,12576.4356481482,153.166666666667,4.04145188432738,181,5.19615242270663,"highDose","1","16",NA,"Recommended","Recommended",NA,"Recommended_plus","highD"
"mung1617/02_2017_Missen Flats_Jade_1_lowDose","mung1617/02",2017,"Jade","Missen Flats",1,3,2017-01-27,2017-03-07,"tebuconazole",2017-03-08,2017-03-24,NA,2,62,1.79883941613374,0.0159861176365377,0.49791258197682,0.382736806485737,8,0,0.725081741379952,12576.4356481482,188,16.5755844542508,219.333333333333,15.5349069303081,"lowDose","1","16",NA,"Recommended","Recommended",NA,"Recommended_plus","highD"
"mung1617/02_2017_Missen Flats_Jade_0.25_highDose","mung1617/02",2017,"Jade","Missen Flats",0.25,3,2017-01-27,2017-03-07,"propiconazole",2017-03-19,NA,NA,1,125,2.14335383331615,0.106938994528067,0.293121755559857,0.158424318270016,8,0,0.725081741379952,12576.4356481482,199.333333333333,11.8988794990677,220,11.13552872566,"highDose","12",NA,NA,"Late",NA,NA,"Late","highD"
"mung1617/02_2017_Missen Flats_Jade_0.25_lowDose","mung1617/02",2017,"Jade","Missen Flats",0.25,3,2017-01-27,2017-03-07,"tebuconazole",2017-03-19,NA,NA,1,62,1.87778011636532,0.120662782860526,0.0275480386090268,0.0148889638982118,8,0,0.725081741379952,12576.4356481482,207.333333333333,4.61880215351701,228.333333333333,2.88675134594813,"lowDose","12",NA,NA,"Late",NA,NA,"Late","highD"
"mung1617/02_2017_Missen Flats_Jade_0.5_highDose","mung1617/02",2017,"Jade","Missen Flats",0.5,3,2017-01-27,2017-03-07,"propiconazole",2017-03-19,NA,NA,1,125,1.82789865751201,0.0503927355731413,0.295921066759137,0.19316279072575,8,0,0.725081741379952,12576.4356481482,207.333333333333,4.61880215351701,228.333333333333,2.88675134594813,"highDose","12",NA,NA,"Late",NA,NA,"Late","highD"
"mung1617/02_2017_Missen Flats_Jade_0.5_lowDose","mung1617/02",2017,"Jade","Missen Flats",0.5,3,2017-01-27,2017-03-07,"tebuconazole",2017-03-19,NA,NA,1,62,1.78061480009739,0.0168661069892544,0.248637209344517,0.16229820256204,8,0,0.725081741379952,12576.4356481482,218.5,0,238,0,"lowDose","12",NA,NA,"Late",NA,NA,"Late","highD"
"mung1617/02_2017_Missen Flats_Jade_1_highDose","mung1617/02",2017,"Jade","Missen Flats",1,3,2017-01-27,2017-03-07,"propiconazole",2017-03-19,NA,NA,1,125,1.75638996486353,0.0066137641957903,0.45546313070661,0.350106646083427,8,0,0.725081741379952,12576.4356481482,192.833333333333,37.3374253709778,214,34.8711915483254,"highDose","12",NA,NA,"Late",NA,NA,"Late","highD"
"mung1617/02_2017_Missen Flats_Jade_1_lowDose","mung1617/02",2017,"Jade","Missen Flats",1,3,2017-01-27,2017-03-07,"tebuconazole",2017-03-19,NA,NA,1,62,1.53367038318096,0.00410868096426698,0.23274354902404,0.178905948369396,8,0,0.725081741379952,12576.4356481482,218.5,0,238,0,"lowDose","12",NA,NA,"Late",NA,NA,"Late","highD"
"mung1617/02_2017_Missen Flats_Jade_0.25_highDose","mung1617/02",2017,"Jade","Missen Flats",0.25,3,2017-01-27,2017-03-07,"propiconazole",2017-03-08,2017-04-02,NA,2,125,2.31214436313543,0.0370407960252181,0.461912285379137,0.249650998343559,8,0,0.725081741379952,12576.4356481482,201.666666666667,8.25126252965771,223,6.557438524302,"highDose","1","25",NA,"Recommended","Late",NA,"Recommended_plus","highD"
"mung1617/02_2017_Missen Flats_Jade_0.25_lowDose","mung1617/02",2017,"Jade","Missen Flats",0.25,3,2017-01-27,2017-03-07,"tebuconazole",2017-03-08,2017-04-02,NA,2,62,2.27791368868079,0.0367752660661674,0.427681610924497,0.231150251941978,7.66666666666667,0.577350269189626,0.725081741379952,12576.4356481482,214.333333333333,19.3412340178525,232.666666666667,24.8260615751539,"lowDose","1","25",NA,"Recommended","Late",NA,"Recommended_plus","highD"
"mung1617/02_2017_Missen Flats_Jade_0.5_highDose","mung1617/02",2017,"Jade","Missen Flats",0.5,3,2017-01-27,2017-03-07,"propiconazole",2017-03-08,2017-04-02,NA,2,125,2.11259340897551,0.0208605964100089,0.580615818222636,0.378997592214974,8,0,0.725081741379952,12576.4356481482,204.333333333333,4.90747728811182,224.666666666667,4.61880215351701,"highDose","1","25",NA,"Recommended","Late",NA,"Recommended_plus","highD"
"mung1617/02_2017_Missen Flats_Jade_0.5_lowDose","mung1617/02",2017,"Jade","Missen Flats",0.5,3,2017-01-27,2017-03-07,"tebuconazole",2017-03-08,2017-04-02,NA,2,62,1.35690258922655,0.12712524496757,-0.175075001526323,-0.114280393253197,8,0,0.725081741379952,12576.4356481482,215.666666666667,4.90747728811182,235.333333333333,4.61880215351701,"lowDose","1","25",NA,"Recommended","Late",NA,"Recommended_plus","highD"
"mung1617/02_2017_Missen Flats_Jade_1_highDose","mung1617/02",2017,"Jade","Missen Flats",1,3,2017-01-27,2017-03-07,"propiconazole",2017-03-08,2017-04-02,NA,2,125,1.79216546387105,0.0111683466249756,0.49123862971413,0.377606654591365,8,0,0.725081741379952,12576.4356481482,202.833333333333,16.0104132780304,223.333333333333,15.0111069989303,"highDose","1","25",NA,"Recommended","Late",NA,"Recommended_plus","highD"
"mung1617/02_2017_Missen Flats_Jade_1_lowDose","mung1617/02",2017,"Jade","Missen Flats",1,3,2017-01-27,2017-03-07,"tebuconazole",2017-03-08,2017-04-02,NA,2,62,1.74243535534903,0.0438506303336705,0.44150852119211,0.339379978642868,8,0,0.725081741379952,12576.4356481482,207.5,9.52627944162882,229.333333333333,7.50555349946513,"lowDose","1","25",NA,"Recommended","Late",NA,"Recommended_plus","highD"
"mung1617/01_2017_Hermitage_Jade_0.25_lowDose","mung1617/01",2017,"Jade","Hermitage",0.25,3,2017-02-13,2017-03-24,"control",NA,NA,NA,0,0,0.404702484768338,0.146267549168008,NA,NA,8,0,0.0186257869010656,32673.3814814815,246.5,0.5,273.333333333333,0.577350269189626,"lowDose","control","control","control","Late",NA,NA,"control","highD"
"mung1617/01_2017_Hermitage_Jade_0.5_lowDose","mung1617/01",2017,"Jade","Hermitage",0.5,3,2017-02-13,2017-03-24,"control",NA,NA,NA,0,0,0.558857224535057,0.0321667559166369,NA,NA,8,0,0.0186257869010656,32673.3814814815,222.666666666667,22.024607450153,251.666666666667,21.548395145192,"lowDose","control","control","control","Late",NA,NA,"control","highD"
"mung1617/01_2017_Hermitage_Jade_1_lowDose","mung1617/01",2017,"Jade","Hermitage",1,3,2017-02-13,2017-03-24,"control",NA,NA,NA,0,0,0.316316762742075,0.0633868132968749,NA,NA,8,0,0.0186257869010656,32673.3814814815,212,34.2746261832277,240.333333333333,32.654759734736,"lowDose","control","control","control","Late",NA,NA,"control","highD"
"mung1617/01_2017_Hermitage_Jade_0.25_lowDose","mung1617/01",2017,"Jade","Hermitage",0.25,3,2017-02-13,2017-03-24,"control",NA,NA,NA,0,0,0.319058945539776,0.0623030873696522,NA,NA,8,0,0.0186257869010656,32673.3814814815,235.5,16.3477827242718,263.333333333333,16.4418166068514,"lowDose","control","control","control","Late",NA,NA,"control","highD"
"mung1617/01_2017_Hermitage_Jade_0.5_lowDose","mung1617/01",2017,"Jade","Hermitage",0.5,3,2017-02-13,2017-03-24,"control",NA,NA,NA,0,0,0.620546220477007,0.00785283885257962,NA,NA,8,0,0.0186257869010656,32673.3814814815,226.833333333333,50.5206228517952,255.333333333333,48.8091521472493,"lowDose","control","control","control","Late",NA,NA,"control","highD"
"mung1617/01_2017_Hermitage_Jade_1_lowDose","mung1617/01",2017,"Jade","Hermitage",1,3,2017-02-13,2017-03-24,"control",NA,NA,NA,0,0,0.47362642810691,0.012811478278472,NA,NA,8,0,0.0186257869010656,32673.3814814815,212.333333333333,30.1675874629267,240.666666666667,29.1604755333882,"lowDose","control","control","control","Late",NA,NA,"control","highD"
"mung1617/01_2017_Hermitage_Jade_0.25_lowDose","mung1617/01",2017,"Jade","Hermitage",0.25,3,2017-02-13,2017-03-24,"control",NA,NA,NA,0,0,0.615181312501559,0.0040918829691605,NA,NA,8,0,0.0186257869010656,32673.3814814815,235.166666666667,12.6622799421484,262.666666666667,11.060440015358,"lowDose","control","control","control","Late",NA,NA,"control","highD"
"mung1617/01_2017_Hermitage_Jade_0.5_lowDose","mung1617/01",2017,"Jade","Hermitage",0.5,3,2017-02-13,2017-03-24,"control",NA,NA,NA,0,0,0.502022454330147,0.00532597498874612,NA,NA,8,0,0.0186257869010656,32673.3814814815,222.833333333333,21.096998206696,251,19.6977156035922,"lowDose","control","control","control","Late",NA,NA,"control","highD"
"mung1617/01_2017_Hermitage_Jade_1_lowDose","mung1617/01",2017,"Jade","Hermitage",1,3,2017-02-13,2017-03-24,"control",NA,NA,NA,0,0,0.47212199306343,0.0398518251426409,NA,NA,8,0,0.0186257869010656,32673.3814814815,241.5,21.2837966537928,268.666666666667,20.4042479237372,"lowDose","control","control","control","Late",NA,NA,"control","highD"
"mung1617/01_2017_Hermitage_Jade_0.25_highDose","mung1617/01",2017,"Jade","Hermitage",0.25,3,2017-02-13,2017-03-24,"propiconazole",2017-03-13,NA,NA,1,125,0.359434040135306,0.0784062432341267,-0.0868802074679184,-0.194661514693914,8,0,0.0186257869010656,32673.3814814815,140,12.9903810567666,171,15.5884572681199,"highDose","-11",NA,NA,"Early",NA,NA,"Early","highD"
"mung1617/01_2017_Hermitage_Jade_0.5_highDose","mung1617/01",2017,"Jade","Hermitage",0.5,3,2017-02-13,2017-03-24,"propiconazole",2017-03-13,NA,NA,1,125,0.592761346944877,0.0404632812255945,0.03228604716414,0.0576047636296739,7.66666666666667,0.577350269189626,0.0186257869010656,32673.3814814815,123.833333333333,5.83809329604567,150.333333333333,5.5075705472861,"highDose","-11",NA,NA,"Early",NA,NA,"Early","highD"
"mung1617/01_2017_Hermitage_Jade_1_highDose","mung1617/01",2017,"Jade","Hermitage",1,3,2017-02-13,2017-03-24,"propiconazole",2017-03-13,NA,NA,1,125,0.601974423531506,0.010673205408097,0.181286028894034,0.430927097597398,8,0,0.0186257869010656,32673.3814814815,125.5,8.26135582092915,153,9,"highDose","-11",NA,NA,"Early",NA,NA,"Early","highD"
"mung1617/01_2017_Hermitage_Jade_0.25_lowDose","mung1617/01",2017,"Jade","Hermitage",0.25,3,2017-02-13,2017-03-24,"tebuconazole",2017-03-13,NA,NA,1,62,0.559259728423486,0.00339484582166013,0.112945480820262,0.253062682687806,8,0,0.0186257869010656,32673.3814814815,124.666666666667,7.0059498523279,152,7.54983443527075,"lowDose","-11",NA,NA,"Early",NA,NA,"Early","highD"
"mung1617/01_2017_Hermitage_Jade_0.5_lowDose","mung1617/01",2017,"Jade","Hermitage",0.5,3,2017-02-13,2017-03-24,"tebuconazole",2017-03-13,NA,NA,1,62,0.503104157481603,0.0191541710390683,-0.0573711422991341,-0.102361589032698,8,0,0.0186257869010656,32673.3814814815,159.166666666667,10.6926766215636,189.666666666667,9.50438495292217,"lowDose","-11",NA,NA,"Early",NA,NA,"Early","highD"
"mung1617/01_2017_Hermitage_Jade_1_lowDose","mung1617/01",2017,"Jade","Hermitage",1,3,2017-02-13,2017-03-24,"tebuconazole",2017-03-13,NA,NA,1,62,0.482395949784343,0.0125310725089051,0.0617075551468714,0.146682332894036,7.66666666666667,0.577350269189626,0.0186257869010656,32673.3814814815,137.666666666667,35.157976809443,163.666666666667,39.208842540087,"lowDose","-11",NA,NA,"Early",NA,NA,"Early","highD"
"mung1617/01_2017_Hermitage_Jade_0.25_highDose","mung1617/01",2017,"Jade","Hermitage",0.25,3,2017-02-13,2017-03-24,"propiconazole",2017-03-24,2017-04-07,NA,2,125,0.505994691838861,1.4001100665246e-05,0.0596804442356367,0.133718438423442,7,0,0.0186257869010656,32673.3814814815,98,20.2977831301844,121.666666666667,19.1398362932741,"highDose","0","14",NA,"Recommended","Recommended",NA,"Recommended_plus","highD"
"mung1617/01_2017_Hermitage_Jade_0.5_highDose","mung1617/01",2017,"Jade","Hermitage",0.5,3,2017-02-13,2017-03-24,"propiconazole",2017-03-24,2017-04-07,NA,2,125,0.379752860152559,0.0494134900388443,-0.180722439628178,-0.322444967153554,7,0,0.0186257869010656,32673.3814814815,77.1666666666667,4.93288286231625,101,4.35889894354067,"highDose","0","14",NA,"Recommended","Recommended",NA,"Recommended_plus","highD"
"mung1617/01_2017_Hermitage_Jade_1_highDose","mung1617/01",2017,"Jade","Hermitage",1,3,2017-02-13,2017-03-24,"propiconazole",2017-03-24,2017-04-07,NA,2,125,0.438649474719831,0.107507185135482,0.0179610800823594,0.0426944986153881,7,0,0.0186257869010656,32673.3814814815,106.333333333333,4.50924975282289,129.333333333333,4.93288286231625,"highDose","0","14",NA,"Recommended","Recommended",NA,"Recommended_plus","highD"
"mung1617/01_2017_Hermitage_Jade_0.25_lowDose","mung1617/01",2017,"Jade","Hermitage",0.25,3,2017-02-13,2017-03-24,"tebuconazole",2017-03-24,2017-04-07,NA,2,62,0.444369163403489,0.124774521699714,-0.00194508419973538,-0.00435810465424481,7,0,0.0186257869010656,32673.3814814815,117.666666666667,6.21154838452807,141.333333333333,6.35085296108588,"lowDose","0","14",NA,"Recommended","Recommended",NA,"Recommended_plus","highD"
"mung1617/01_2017_Hermitage_Jade_0.5_lowDose","mung1617/01",2017,"Jade","Hermitage",0.5,3,2017-02-13,2017-03-24,"tebuconazole",2017-03-24,2017-04-07,NA,2,62,0.518302266244695,0.0351196756817973,-0.0421730335360421,-0.0752451241875254,7,0,0.0186257869010656,32673.3814814815,114.333333333333,33.7354907083524,138,33.6452076825214,"lowDose","0","14",NA,"Recommended","Recommended",NA,"Recommended_plus","highD"
"mung1617/01_2017_Hermitage_Jade_1_lowDose","mung1617/01",2017,"Jade","Hermitage",1,3,2017-02-13,2017-03-24,"tebuconazole",2017-03-24,2017-04-07,NA,2,62,0.440721378256055,0.019079116481355,0.0200329836185834,0.0476195299750229,7,0,0.0186257869010656,32673.3814814815,125.166666666667,16.6458202961985,147.666666666667,17.8978583448784,"lowDose","0","14",NA,"Recommended","Recommended",NA,"Recommended_plus","highD"
"mung1617/01_2017_Hermitage_Jade_0.25_highDose","mung1617/01",2017,"Jade","Hermitage",0.25,3,2017-02-13,2017-03-24,"propiconazole",2017-03-27,NA,NA,1,125,0.646696864871417,0.0010312117245735,0.200382617268193,0.448972037850635,8,0,0.0186257869010656,32673.3814814815,140.833333333333,33.6687293097517,168.333333333333,34.6458270695524,"highDose","3",NA,NA,"Recommended",NA,NA,"Recommended","highD"
"mung1617/01_2017_Hermitage_Jade_0.5_highDose","mung1617/01",2017,"Jade","Hermitage",0.5,3,2017-02-13,2017-03-24,"propiconazole",2017-03-27,NA,NA,1,125,0.612341281120431,0.00135595949489323,0.0518659813396939,0.0925392811422454,8,0,0.0186257869010656,32673.3814814815,155.666666666667,26.7036202289752,184.666666666667,28.7460142164672,"highDose","3",NA,NA,"Recommended",NA,NA,"Recommended","highD"
"mung1617/01_2017_Hermitage_Jade_1_highDose","mung1617/01",2017,"Jade","Hermitage",1,3,2017-02-13,2017-03-24,"propiconazole",2017-03-27,NA,NA,1,125,0.553027780191918,0.106333720662982,0.132339385554446,0.314578170544709,7.66666666666667,0.577350269189626,0.0186257869010656,32673.3814814815,152,39.9499687108764,178,44.3959457608462,"highDose","3",NA,NA,"Recommended",NA,NA,"Recommended","highD"
"mung1617/01_2017_Hermitage_Jade_0.25_lowDose","mung1617/01",2017,"Jade","Hermitage",0.25,3,2017-02-13,2017-03-24,"tebuconazole",2017-03-27,NA,NA,1,62,0.457436360943691,0.195931513651895,0.0111221133404666,0.0249199155083982,8,0,0.0186257869010656,32673.3814814815,188.833333333333,21.1974841274462,220,20.6639783197718,"lowDose","3",NA,NA,"Recommended",NA,NA,"Recommended","highD"
"mung1617/01_2017_Hermitage_Jade_0.5_lowDose","mung1617/01",2017,"Jade","Hermitage",0.5,3,2017-02-13,2017-03-24,"tebuconazole",2017-03-27,NA,NA,1,62,0.466422297916026,0.0327706953755204,-0.094053001864711,-0.167809360914755,8,0,0.0186257869010656,32673.3814814815,177.166666666667,25.5016339345802,206.333333333333,27.5378527364305,"lowDose","3",NA,NA,"Recommended",NA,NA,"Recommended","highD"
"mung1617/01_2017_Hermitage_Jade_1_lowDose","mung1617/01",2017,"Jade","Hermitage",1,3,2017-02-13,2017-03-24,"tebuconazole",2017-03-27,NA,NA,1,62,0.520832202623247,0.0393702495737945,0.100143807985775,0.238047469961881,8,0,0.0186257869010656,32673.3814814815,144.666666666667,24.0017360483223,171.666666666667,24.3789526709687,"lowDose","3",NA,NA,"Recommended",NA,NA,"Recommended","highD"
"mung1617/01_2017_Hermitage_Jade_0.25_highDose","mung1617/01",2017,"Jade","Hermitage",0.25,3,2017-02-13,2017-03-24,"propiconazole",2017-03-27,2017-04-11,NA,2,125,0.659039783769696,0.0556972134443849,0.212725536166472,0.476627258280102,7,0,0.0186257869010656,32673.3814814815,120.666666666667,24.0069434400411,143.666666666667,23.5017729827631,"highDose","3","15",NA,"Recommended","Recommended",NA,"Recommended_plus","highD"
"mung1617/01_2017_Hermitage_Jade_0.5_highDose","mung1617/01",2017,"Jade","Hermitage",0.5,3,2017-02-13,2017-03-24,"propiconazole",2017-03-27,2017-04-11,NA,2,125,0.544818854629059,0.00714099190853912,-0.0156564451516781,-0.0279342286052624,5.33333333333333,2.88675134594813,0.0186257869010656,32673.3814814815,99.5,46.8001068374849,116.333333333333,56.1278302924078,"highDose","3","15",NA,"Recommended","Recommended",NA,"Recommended_plus","highD"
"mung1617/01_2017_Hermitage_Jade_1_highDose","mung1617/01",2017,"Jade","Hermitage",1,3,2017-02-13,2017-03-24,"propiconazole",2017-03-27,2017-04-11,NA,2,125,0.419856834929368,0.0559340944773665,-0.000831559708103669,-0.00197666424532644,7,0,0.0186257869010656,32673.3814814815,113,33.8193731461717,136,34.0440890610984,"highDose","3","15",NA,"Recommended","Recommended",NA,"Recommended_plus","highD"
"mung1617/01_2017_Hermitage_Jade_0.25_lowDose","mung1617/01",2017,"Jade","Hermitage",0.25,3,2017-02-13,2017-03-24,"tebuconazole",2017-03-27,2017-04-11,NA,2,62,0.341525552990342,0.0655694379884947,-0.104788694612882,-0.234786801397476,7,0,0.0186257869010656,32673.3814814815,173,66.0056815736342,196.333333333333,66.7258071014007,"lowDose","3","15",NA,"Recommended","Recommended",NA,"Recommended_plus","highD"
"mung1617/01_2017_Hermitage_Jade_0.5_lowDose","mung1617/01",2017,"Jade","Hermitage",0.5,3,2017-02-13,2017-03-24,"tebuconazole",2017-03-27,2017-04-11,NA,2,62,0.563830896598808,0.0166480938896557,0.00335559681807096,0.00598705566397609,7,0,0.0186257869010656,32673.3814814815,140.5,26.5141471671257,164,27.5136329843952,"lowDose","3","15",NA,"Recommended","Recommended",NA,"Recommended_plus","highD"
"mung1617/01_2017_Hermitage_Jade_1_lowDose","mung1617/01",2017,"Jade","Hermitage",1,3,2017-02-13,2017-03-24,"tebuconazole",2017-03-27,2017-04-11,NA,2,62,0.656624579124579,0.033811464603952,0.235936184487107,0.560833594400496,7,0,0.0186257869010656,32673.3814814815,151.833333333333,40.6335247466096,174.333333333333,40.0790884793222,"lowDose","3","15",NA,"Recommended","Recommended",NA,"Recommended_plus","highD"
"mung1617/01_2017_Hermitage_Jade_0.25_highDose","mung1617/01",2017,"Jade","Hermitage",0.25,3,2017-02-13,2017-03-24,"propiconazole",2017-04-05,NA,NA,1,125,0.389961486252,0.101916879980304,-0.0563527613512244,-0.126262519410589,7,0,0.0186257869010656,32673.3814814815,144.833333333333,47.0593596783183,167,47.9478883789474,"highDose","12",NA,NA,"Late",NA,NA,"Late","highD"
"mung1617/01_2017_Hermitage_Jade_0.5_highDose","mung1617/01",2017,"Jade","Hermitage",0.5,3,2017-02-13,2017-03-24,"propiconazole",2017-04-05,NA,NA,1,125,0.478136284197024,0.0329597953835326,-0.0823390155837131,-0.146909267216459,7,0,0.0186257869010656,32673.3814814815,155.333333333333,17.8978583448784,177.333333333333,17.8978583448784,"highDose","12",NA,NA,"Late",NA,NA,"Late","highD"
"mung1617/01_2017_Hermitage_Jade_1_highDose","mung1617/01",2017,"Jade","Hermitage",1,3,2017-02-13,2017-03-24,"propiconazole",2017-04-05,NA,NA,1,125,0.326593844156396,0.14818137137158,-0.0940945504810757,-0.223668044282899,7,0,0.0186257869010656,32673.3814814815,177.666666666667,37.8593889720018,199.333333333333,38.8887301584062,"highDose","12",NA,NA,"Late",NA,NA,"Late","highD"
"mung1617/01_2017_Hermitage_Jade_0.25_lowDose","mung1617/01",2017,"Jade","Hermitage",0.25,3,2017-02-13,2017-03-24,"tebuconazole",2017-04-05,NA,NA,1,62,0.534050618339788,0.0272735382466111,0.0877363707365636,0.196579811663466,7.33333333333333,0.577350269189626,0.0186257869010656,32673.3814814815,175.333333333333,63.2145816511771,199.666666666667,65.3936796130431,"lowDose","12",NA,NA,"Late",NA,NA,"Late","highD"
"mung1617/01_2017_Hermitage_Jade_0.5_lowDose","mung1617/01",2017,"Jade","Hermitage",0.5,3,2017-02-13,2017-03-24,"tebuconazole",2017-04-05,NA,NA,1,62,0.500782515017763,0.0247829001290178,-0.059692784762974,-0.106503863392957,7.66666666666667,0.577350269189626,0.0186257869010656,32673.3814814815,182.666666666667,8.80814017448254,209,10.816653826392,"lowDose","12",NA,NA,"Late",NA,NA,"Late","highD"
"mung1617/01_2017_Hermitage_Jade_1_lowDose","mung1617/01",2017,"Jade","Hermitage",1,3,2017-02-13,2017-03-24,"tebuconazole",2017-04-05,NA,NA,1,62,0.683148019901088,0.0554410698312894,0.262459625263616,0.623881306471007,8,0,0.0186257869010656,32673.3814814815,206.166666666667,52.0920659345867,233,51.6430053347014,"lowDose","12",NA,NA,"Late",NA,NA,"Late","highD"
"mung1718/01_2018_Wellcamp_Jade_0.25_lowDose","mung1718/01",2018,"Jade","Wellcamp",0.25,3,2018-02-13,2018-03-21,"tebuconazole",2018-03-28,2018-04-16,NA,2,60,1.555946994,0.0371478718840602,0.3190303615,0.2579238997338,7.666666667,0.577350269,0.185437939,1267.60049019608,172.5,26.4244205234476,180,23.6431808350738,"lowDose","7","19",NA,"Late","Late",NA,"Late_plus","highD"
"mung1718/01_2018_Wellcamp_Jade_0.25_highDose","mung1718/01",2018,"Jade","Wellcamp",0.25,3,2018-02-13,2018-03-21,"propiconazole",2018-03-28,2018-04-16,NA,2,125,1.582020885,0.0211582144960632,0.3451042525,0.279003647806474,6.333333333,0.577350269,0.185437939,1267.60049019608,156.333333333333,2.88675134594813,161.333333333333,4.04145188432738,"highDose","7","19",NA,"Late","Late",NA,"Late_plus","highD"
"mung1718/01_2018_Wellcamp_Jade_0.25_lowDose","mung1718/01",2018,"Jade","Wellcamp",0.25,3,2018-02-13,2018-03-21,"control",NA,NA,NA,0,0,0.900712969,0.643076659931248,NA,NA,8.333333333,0.577350269,0.185437939,1267.60049019608,178.833333333333,9.07377172587747,189,10.816653826392,"lowDose","control","control","control","Late",NA,NA,"control","highD"
"mung1718/01_2018_Wellcamp_Jade_0.5_lowDose","mung1718/01",2018,"Jade","Wellcamp",0.5,3,2018-02-13,2018-03-21,"tebuconazole",2018-03-28,2018-04-16,NA,2,60,1.472523663,0.0104863559764681,0.202336531,0.159296631104589,7,0,0.185437939,1267.60049019608,166.166666666667,11.1840660465384,171.333333333333,10.9696551146029,"lowDose","7","19",NA,"Late","Late",NA,"Late_plus","highD"
"mung1718/01_2018_Wellcamp_Jade_0.5_highDose","mung1718/01",2018,"Jade","Wellcamp",0.5,3,2018-02-13,2018-03-21,"propiconazole",2018-03-28,2018-04-16,NA,2,125,1.56753778,0.0269883511152545,0.297350648,0.234099874348278,6,0,0.185437939,1267.60049019608,147.666666666667,17.8978583448784,149.333333333333,16.7431578064991,"highDose","7","19",NA,"Late","Late",NA,"Late_plus","highD"
"mung1718/01_2018_Wellcamp_Jade_0.5_lowDose","mung1718/01",2018,"Jade","Wellcamp",0.5,3,2018-02-13,2018-03-21,"control",NA,NA,NA,0,0,1.089077207,0.157634117602647,NA,NA,8,0,0.185437939,1267.60049019608,200.166666666667,8.51958527942137,205.333333333333,7.02376916856849,"lowDose","control","control","control","Late",NA,NA,"control","highD"
"mung1718/01_2018_Wellcamp_Jade_1_lowDose","mung1718/01",2018,"Jade","Wellcamp",1,3,2018-02-13,2018-03-21,"tebuconazole",2018-03-28,2018-04-16,NA,2,60,1.084522903,0.0097130899961001,0.0100724330000002,0.00937449727208008,7.333333333,0.577350269,0.185437939,1267.60049019608,175.666666666667,23.3041484146779,179.666666666667,22.1208800307161,"lowDose","7","19",NA,"Late","Late",NA,"Late_plus","highD"
"mung1718/01_2018_Wellcamp_Jade_1_highDose","mung1718/01",2018,"Jade","Wellcamp",1,3,2018-02-13,2018-03-21,"propiconazole",2018-03-28,2018-04-16,NA,2,125,1.154251062,0.0359368296385339,0.079800592,0.0742710755201215,6,0,0.185437939,1267.60049019608,158,0,159,0,"highDose","7","19",NA,"Late","Late",NA,"Late_plus","highD"
"mung1718/01_2018_Wellcamp_Jade_1_lowDose","mung1718/01",2018,"Jade","Wellcamp",1,3,2018-02-13,2018-03-21,"control",NA,NA,NA,0,0,1.092765743,0.00196605032090756,NA,NA,7.333333333,1.154700538,0.185437939,1267.60049019608,193.666666666667,16.3120609774894,198.333333333333,16.1967074843418,"lowDose","control","control","control","Late",NA,NA,"control","highD"
"mung1718/01_2018_Wellcamp_Jade_0.25_lowDose","mung1718/01",2018,"Jade","Wellcamp",0.25,3,2018-02-13,2018-03-21,"tebuconazole",2018-03-28,2018-04-16,NA,2,60,1.575397611,0.0704763214961178,0.3384809785,0.273648982968139,7,0,0.185437939,1267.60049019608,171.5,5.19615242270663,176.666666666667,2.3094010767585,"lowDose","7","19",NA,"Late","Late",NA,"Late_plus","highD"
"mung1718/01_2018_Wellcamp_Jade_0.25_highDose","mung1718/01",2018,"Jade","Wellcamp",0.25,3,2018-02-13,2018-03-21,"propiconazole",2018-03-28,2018-04-16,NA,2,125,1.652113232,0.0161552414988994,0.4151965995,0.335670641489252,6,0,0.185437939,1267.60049019608,155.333333333333,11.8356805183873,159.333333333333,10.9696551146029,"highDose","7","19",NA,"Late","Late",NA,"Late_plus","highD"
"mung1718/01_2018_Wellcamp_Jade_0.25_lowDose","mung1718/01",2018,"Jade","Wellcamp",0.25,3,2018-02-13,2018-03-21,"control",NA,NA,NA,0,0,1.573120296,0.00481119400079844,NA,NA,9,0,0.185437939,1267.60049019608,194.333333333333,8.51958527942137,204.666666666667,7.02376916856849,"lowDose","control","control","control","Late",NA,NA,"control","highD"
"mung1718/01_2018_Wellcamp_Jade_0.5_lowDose","mung1718/01",2018,"Jade","Wellcamp",0.5,3,2018-02-13,2018-03-21,"tebuconazole",2018-03-28,2018-04-16,NA,2,60,1.216950267,0.719493138774783,-0.0532368649999999,-0.0419126155971795,7.333333333,0.577350269,0.185437939,1267.60049019608,189.5,14.422205101856,193,17.0880074906351,"lowDose","7","19",NA,"Late","Late",NA,"Late_plus","highD"
"mung1718/01_2018_Wellcamp_Jade_0.5_highDose","mung1718/01",2018,"Jade","Wellcamp",0.5,3,2018-02-13,2018-03-21,"propiconazole",2018-03-28,2018-04-16,NA,2,125,1.690297844,0.0396114577423231,0.420110712,0.330747101286175,7,1.732050808,0.185437939,1267.60049019608,161.5,6.5,167.333333333333,7.23417813807023,"highDose","7","19",NA,"Late","Late",NA,"Late_plus","highD"
"mung1718/01_2018_Wellcamp_Jade_0.5_lowDose","mung1718/01",2018,"Jade","Wellcamp",0.5,3,2018-02-13,2018-03-21,"control",NA,NA,NA,0,0,1.451297057,0.0485757011282837,NA,NA,8.666666667,0.577350269,0.185437939,1267.60049019608,220.333333333333,14.3730071082336,226.333333333333,16.2583311976763,"lowDose","control","control","control","Late",NA,NA,"control","highD"
"mung1718/01_2018_Wellcamp_Jade_1_lowDose","mung1718/01",2018,"Jade","Wellcamp",1,3,2018-02-13,2018-03-21,"tebuconazole",2018-03-28,2018-04-16,NA,2,60,1.234357791,0.00410812620965155,0.159907321,0.148827075295523,6.666666667,0.577350269,0.185437939,1267.60049019608,170.333333333333,2.25462487641145,171.666666666667,1.15470053837925,"lowDose","7","19",NA,"Late","Late",NA,"Late_plus","highD"
"mung1718/01_2018_Wellcamp_Jade_1_highDose","mung1718/01",2018,"Jade","Wellcamp",1,3,2018-02-13,2018-03-21,"propiconazole",2018-03-28,2018-04-16,NA,2,125,1.173093405,0.00545243051633063,0.098642935,0.0918078010613183,5.666666667,0.577350269,0.185437939,1267.60049019608,150.666666666667,12.7017059221718,153,10.3923048454133,"highDose","7","19",NA,"Late","Late",NA,"Late_plus","highD"
"mung1718/01_2018_Wellcamp_Jade_1_lowDose","mung1718/01",2018,"Jade","Wellcamp",1,3,2018-02-13,2018-03-21,"control",NA,NA,NA,0,0,1.056135197,0.00157892466241922,NA,NA,8,0,0.185437939,1267.60049019608,205,3.46410161513775,211.333333333333,0.577350269189626,"lowDose","control","control","control","Late",NA,NA,"control","highD"
"mung1819/01_2019_Hermitage_Jade_0.25_lowDose","mung1819/01",2019,"Jade","Hermitage",0.25,6,2018-02-04,2018-04-12,"tebuconazole",2018-04-15,NA,NA,1,62,0.543163586,0.0238327447277878,-0.044001714,-0.0749392275054401,5,1.095445115,0.0020056820718209,385.5,28,17.0058813355851,42.6666666666667,19.3769622662239,"lowDose","3",NA,NA,"Recommended",NA,NA,"Recommended","lowD"
"mung1819/01_2019_Hermitage_Jade_0.25_lowDose","mung1819/01",2019,"Jade","Hermitage",0.25,6,2018-02-04,2018-04-12,"tebuconazole",2018-04-15,2018-04-29,NA,2,62,0.563552428,0.0189410799265472,-0.023612872,-0.040215033143137,5,0.894427191,0.0020056820718209,385.5,28,15.0066651858433,42.6666666666667,15.7310732840028,"lowDose","3","14",NA,"Recommended","Recommended",NA,"Recommended_plus","lowD"
"mung1819/01_2019_Hermitage_Jade_0.25_lowDose","mung1819/01",2019,"Jade","Hermitage",0.25,6,2018-02-04,2018-04-12,"tebuconazole",2018-04-23,NA,NA,1,62,0.571263691,0.009574840511041,-0.015901609,-0.0270819971820543,7.166666667,1.169045194,0.0020056820718209,385.5,42.6666666666667,12.7383934099504,65.3333333333333,15.5263217365436,"lowDose","11",NA,NA,"Late",NA,NA,"Late","lowD"
"mung1819/01_2019_Hermitage_Jade_0.25_lowDose","mung1819/01",2019,"Jade","Hermitage",0.25,6,2018-02-04,2018-04-12,"control",NA,NA,NA,0,0,0.5871653,0.0168838105590475,NA,NA,7.5,0.547722558,0.0020056820718209,385.5,41,15.7987341265052,65.3333333333333,15.5263217365436,"lowDose","control","control","control","Late",NA,NA,"control","lowD"
"mung1819/02_2019_Hermitage_Jade_0.25_lowDose","mung1819/02",2019,"Jade","Hermitage",0.25,5,2018-02-18,2018-04-12,"tebuconazole",2018-04-15,NA,NA,1,62,0.296209259,0.0022788866646346,0.00676627600000002,0.0233768873229171,5.6,1.516575089,0.00120855040158904,1871.44646464646,49.8,18.3630062898208,67.2,20.0798406368178,"lowDose","3",NA,NA,"Recommended",NA,NA,"Recommended","lowD"
"mung1819/02_2019_Hermitage_Jade_0.25_lowDose","mung1819/02",2019,"Jade","Hermitage",0.25,5,2018-02-18,2018-04-12,"tebuconazole",2018-04-15,2018-04-29,NA,2,62,0.311682998,0.00522409974330836,0.022240015,0.0768372919926686,4.6,0.547722558,0.00120855040158904,1871.44646464646,47.8,16.0996894379985,60.8,16.5891530826622,"lowDose","3","14",NA,"Recommended","Recommended",NA,"Recommended_plus","lowD"
"mung1819/02_2019_Hermitage_Jade_0.25_lowDose","mung1819/02",2019,"Jade","Hermitage",0.25,6,2018-02-18,2018-04-12,"tebuconazole",2018-04-23,NA,NA,1,62,0.275859288,0.000757063448625796,-0.013583695,-0.0469304692040159,7.333333333,0.516397779,0.00120855040158904,1871.44646464646,83,17.2510869222783,106.666666666667,18.7047231112002,"lowDose","11",NA,NA,"Late",NA,NA,"Late","lowD"
"mung1819/02_2019_Hermitage_Jade_0.25_lowDose","mung1819/02",2019,"Jade","Hermitage",0.25,6,2018-02-18,2018-04-12,"control",NA,NA,NA,0,0,0.289442983,0.00510418398011918,NA,NA,7.833333333,0.40824829,0.00120855040158904,1871.44646464646,78.3333333333333,20.6946047719367,104,22.0544780033444,"lowDose","control","control","control","Late",NA,NA,"control","lowD"
