latitude,longitude,date,daily_rain,daily_rain_source,max_temp,max_temp_source,min_temp,min_temp_source
-26.6,151.85,2011-01-01,0.0,24,27.4,25,16.8,25
-26.6,151.85,2011-01-02,3.5,24,29.7,25,20.2,25
-26.6,151.85,2011-01-03,0.4,24,30.6,25,18.1,25
-26.6,151.85,2011-01-04,8.5,24,28.3,25,18.2,25
-26.6,151.85,2011-01-05,3.2,24,29.0,25,18.2,25
-26.6,151.85,2011-01-06,18.9,24,23.4,25,17.7,25
-26.6,151.85,2011-01-07,15.0,24,23.6,25,16.2,25
-26.6,151.85,2011-01-08,38.4,24,25.3,25,17.8,25
-26.6,151.85,2011-01-09,32.3,24,23.9,25,18.4,25
-26.6,151.85,2011-01-10,66.9,24,25.8,25,19.2,25
-26.6,151.85,2011-01-11,93.2,24,25.7,25,19.6,25
-26.6,151.85,2011-01-12,0.9,24,27.0,25,20.8,25
-26.6,151.85,2011-01-13,0.6,24,27.3,25,18.6,25
-26.6,151.85,2011-01-14,0.0,24,27.0,25,17.8,25
-26.6,151.85,2011-01-15,0.0,24,27.7,25,16.3,25
-26.6,151.85,2011-01-16,0.0,24,27.8,25,15.5,25
-26.6,151.85,2011-01-17,0.0,24,31.6,25,15.9,25
-26.6,151.85,2011-01-18,0.5,24,33.3,25,19.7,25
-26.6,151.85,2011-01-19,21.2,24,30.4,25,18.9,25
-26.6,151.85,2011-01-20,0.0,24,29.3,25,19.0,25
-26.6,151.85,2011-01-21,1.5,24,25.5,25,17.8,25
-26.6,151.85,2011-01-22,0.2,24,27.1,25,14.9,25
-26.6,151.85,2011-01-23,0.0,24,26.9,25,14.4,25
-26.6,151.85,2011-01-24,0.0,24,28.4,25,13.8,25
-26.6,151.85,2011-01-25,0.0,24,31.6,25,15.2,25
-26.6,151.85,2011-01-26,0.0,24,30.7,25,18.7,25
-26.6,151.85,2011-01-27,0.0,24,30.0,25,16.5,25
-26.6,151.85,2011-01-28,0.0,24,29.8,25,18.6,25
-26.6,151.85,2011-01-29,0.0,24,25.7,25,19.4,25
-26.6,151.85,2011-01-30,0.0,24,27.0,25,17.8,25
-26.6,151.85,2011-01-31,0.0,24,28.3,25,18.8,25
-26.6,151.85,2011-02-01,0.0,24,31.4,25,19.6,25
-26.6,151.85,2011-02-02,0.0,24,33.1,25,21.7,25
-26.6,151.85,2011-02-03,0.8,24,31.3,25,19.6,25
-26.6,151.85,2011-02-04,0.4,24,31.7,25,20.3,25
-26.6,151.85,2011-02-05,0.0,24,29.3,25,19.5,25
-26.6,151.85,2011-02-06,1.8,24,32.0,25,22.2,25
-26.6,151.85,2011-02-07,1.4,24,28.2,25,22.1,25
-26.6,151.85,2011-02-08,0.1,24,23.8,25,19.9,25
-26.6,151.85,2011-02-09,3.0,24,24.9,25,18.8,25
-26.6,151.85,2011-02-10,0.0,24,27.6,25,16.6,25
-26.6,151.85,2011-02-11,0.0,24,28.9,25,15.3,25
-26.6,151.85,2011-02-12,0.0,24,29.8,25,14.1,25
-26.6,151.85,2011-02-13,0.0,24,30.0,25,14.4,25
-26.6,151.85,2011-02-14,0.0,24,27.6,25,17.9,25
-26.6,151.85,2011-02-15,0.3,24,28.5,25,18.7,25
-26.6,151.85,2011-02-16,1.5,24,27.1,25,18.6,25
-26.6,151.85,2011-02-17,1.8,24,28.9,25,18.9,25
-26.6,151.85,2011-02-18,0.1,24,30.1,25,17.1,25
-26.6,151.85,2011-02-19,0.0,24,31.0,25,17.8,25
-26.6,151.85,2011-02-20,0.0,24,34.2,25,19.0,25
-26.6,151.85,2011-02-21,0.0,24,34.0,25,20.8,25
-26.6,151.85,2011-02-22,29.8,24,24.8,25,19.6,25
-26.6,151.85,2011-02-23,0.4,24,24.4,25,14.4,25
-26.6,151.85,2011-02-24,0.5,24,26.1,25,16.2,25
-26.6,151.85,2011-02-25,0.0,24,28.1,25,15.0,25
-26.6,151.85,2011-02-26,0.0,24,29.0,25,13.9,25
-26.6,151.85,2011-02-27,0.0,24,29.6,25,15.5,25
-26.6,151.85,2011-02-28,0.0,24,31.1,25,16.1,25
-26.6,151.85,2011-03-01,0.0,24,32.5,25,17.5,25
-26.6,151.85,2011-03-02,0.0,24,32.9,25,19.4,25
-26.6,151.85,2011-03-03,0.0,24,32.7,25,20.4,25
-26.6,151.85,2011-03-04,0.5,24,26.4,25,21.1,25
-26.6,151.85,2011-03-05,39.2,24,23.4,25,18.9,25
-26.6,151.85,2011-03-06,2.3,24,23.3,25,16.3,25
-26.6,151.85,2011-03-07,0.0,24,24.3,25,14.0,25
-26.6,151.85,2011-03-08,0.0,24,25.0,25,15.0,25
-26.6,151.85,2011-03-09,1.0,24,25.5,25,13.5,25
-26.6,151.85,2011-03-10,0.0,24,27.5,25,13.5,25
-26.6,151.85,2011-03-11,0.0,24,28.0,25,18.1,25
-26.6,151.85,2011-03-12,0.3,24,24.7,25,19.1,25
-26.6,151.85,2011-03-13,0.0,24,28.0,25,17.9,25
-26.6,151.85,2011-03-14,0.5,24,27.6,25,19.0,25
-26.6,151.85,2011-03-15,0.0,24,28.3,25,16.2,25
-26.6,151.85,2011-03-16,0.0,24,29.2,25,15.7,25
-26.6,151.85,2011-03-17,0.0,24,26.8,25,17.7,25
-26.6,151.85,2011-03-18,0.0,24,28.3,25,18.1,25
-26.6,151.85,2011-03-19,15.1,24,22.7,25,18.9,25
-26.6,151.85,2011-03-20,29.7,24,25.1,25,18.4,25
-26.6,151.85,2011-03-21,1.0,24,28.6,25,19.8,25
-26.6,151.85,2011-03-22,0.5,24,30.8,25,21.8,25
-26.6,151.85,2011-03-23,0.0,24,29.2,25,15.1,25
-26.6,151.85,2011-03-24,0.0,24,27.2,25,14.7,25
-26.6,151.85,2011-03-25,0.0,24,26.8,25,9.7,25
-26.6,151.85,2011-03-26,0.0,24,27.3,25,9.9,25
-26.6,151.85,2011-03-27,0.0,24,25.4,25,14.2,25
-26.6,151.85,2011-03-28,0.0,24,23.9,25,15.3,25
-26.6,151.85,2011-03-29,0.0,24,22.0,25,17.0,25
-26.6,151.85,2011-03-30,0.1,24,23.4,25,16.8,25
-26.6,151.85,2011-03-31,0.7,24,25.7,25,16.9,25
-26.6,151.85,2011-04-01,0.0,24,25.5,25,15.2,25
-26.6,151.85,2011-04-02,0.0,24,25.9,25,15.0,25
-26.6,151.85,2011-04-03,0.0,24,25.5,25,14.7,25
-26.6,151.85,2011-04-04,0.0,24,24.9,25,12.5,25
-26.6,151.85,2011-04-05,0.0,24,22.4,25,11.4,25
-26.6,151.85,2011-04-06,0.0,24,24.0,25,14.2,25
-26.6,151.85,2011-04-07,0.0,24,24.2,25,12.7,25
-26.6,151.85,2011-04-08,0.0,24,20.6,25,14.6,25
-26.6,151.85,2011-04-09,1.3,24,23.3,25,11.8,25
-26.6,151.85,2011-04-10,0.0,24,26.1,25,8.6,25
-26.6,151.85,2011-04-11,0.0,24,24.7,25,12.9,25
-26.6,151.85,2011-04-12,10.1,24,24.2,25,14.4,25
-26.6,151.85,2011-04-13,0.0,24,26.1,25,9.9,25
-26.6,151.85,2011-04-14,0.0,24,27.0,25,12.9,25
-26.6,151.85,2011-04-15,0.0,24,26.8,25,12.0,25
-26.6,151.85,2011-04-16,0.0,24,22.2,25,14.9,25
-26.6,151.85,2011-04-17,0.9,24,24.0,25,14.7,25
-26.6,151.85,2011-04-18,0.0,24,21.0,25,16.0,25
-26.6,151.85,2011-04-19,6.4,24,23.8,25,15.7,25
-26.6,151.85,2011-04-20,0.5,24,23.3,25,15.9,25
-26.6,151.85,2011-04-21,0.0,24,26.3,25,15.5,25
-26.6,151.85,2011-04-22,0.2,24,26.7,25,13.7,25
-26.6,151.85,2011-04-23,0.0,24,25.7,25,12.3,25
-26.6,151.85,2011-04-24,2.1,24,25.4,25,14.5,25
-26.6,151.85,2011-04-25,0.0,24,22.0,25,12.5,25
-26.6,151.85,2011-04-26,0.0,24,23.3,25,13.0,25
-26.6,151.85,2011-04-27,5.8,24,20.7,25,13.1,25
-26.6,151.85,2011-04-28,1.4,24,19.4,25,13.4,25
-26.6,151.85,2011-04-29,1.1,24,22.1,25,11.7,25
-26.6,151.85,2011-04-30,0.0,24,23.1,25,10.2,25
-26.6,151.85,2011-05-01,0.2,24,24.8,25,8.0,25
-26.6,151.85,2011-05-02,0.0,24,24.8,25,6.0,25
-26.6,151.85,2011-05-03,0.0,24,24.8,25,9.9,25
-26.6,151.85,2011-05-04,6.2,24,21.6,25,7.0,25
-26.6,151.85,2011-05-05,0.0,24,22.0,25,5.3,25
-26.6,151.85,2011-05-06,0.0,24,21.4,25,6.8,25
-26.6,151.85,2011-05-07,0.0,24,23.0,25,4.4,25
-26.6,151.85,2011-05-08,0.0,24,22.8,25,5.7,25
-26.6,151.85,2011-05-09,36.4,24,16.4,25,12.7,25
-26.6,151.85,2011-05-10,1.9,24,18.1,25,7.4,25
-26.6,151.85,2011-05-11,0.0,24,18.2,25,1.9,25
-26.6,151.85,2011-05-12,0.0,24,17.6,25,0.9,25
-26.6,151.85,2011-05-13,0.2,24,18.5,25,3.8,25
-26.6,151.85,2011-05-14,0.0,24,18.6,25,4.5,25
-26.6,151.85,2011-05-15,0.0,24,18.6,25,1.7,25
-26.6,151.85,2011-05-16,0.0,24,20.7,25,3.3,25
-26.6,151.85,2011-05-17,0.0,24,20.9,25,4.0,25
-26.6,151.85,2011-05-18,0.0,24,20.3,25,5.0,25
-26.6,151.85,2011-05-19,0.0,24,21.6,25,9.3,25
-26.6,151.85,2011-05-20,0.5,24,21.7,25,12.0,25
-26.6,151.85,2011-05-21,0.1,24,23.0,25,11.5,25
-26.6,151.85,2011-05-22,2.6,24,21.1,25,14.5,25
-26.6,151.85,2011-05-23,1.2,24,20.1,25,12.1,25
-26.6,151.85,2011-05-24,12.7,24,19.1,25,9.1,25
-26.6,151.85,2011-05-25,0.0,24,15.5,25,6.0,25
-26.6,151.85,2011-05-26,0.0,24,17.7,25,4.3,25
-26.6,151.85,2011-05-27,0.0,24,19.9,25,1.1,25
-26.6,151.85,2011-05-28,0.0,24,20.1,25,1.6,25
-26.6,151.85,2011-05-29,0.0,24,21.3,25,11.1,25
-26.6,151.85,2011-05-30,18.2,24,19.4,25,10.3,25
-26.6,151.85,2011-05-31,0.3,24,14.0,25,1.8,25
-26.6,151.85,2011-06-01,0.0,24,18.4,25,2.2,25
-26.6,151.85,2011-06-02,0.1,24,20.7,25,5.5,25
-26.6,151.85,2011-06-03,0.0,24,21.5,25,4.4,25
-26.6,151.85,2011-06-04,0.2,24,21.3,25,2.0,25
-26.6,151.85,2011-06-05,0.0,24,20.8,25,4.2,25
-26.6,151.85,2011-06-06,0.0,24,23.0,25,4.2,25
-26.6,151.85,2011-06-07,0.0,24,19.3,25,6.3,25
-26.6,151.85,2011-06-08,0.0,24,16.8,25,9.1,25
-26.6,151.85,2011-06-09,0.0,24,9.9,25,7.3,25
-26.6,151.85,2011-06-10,0.7,24,15.9,25,-0.3,25
-26.6,151.85,2011-06-11,0.2,24,12.4,25,3.9,25
-26.6,151.85,2011-06-12,6.5,24,15.2,25,8.3,25
-26.6,151.85,2011-06-13,0.9,24,19.0,25,3.2,25
-26.6,151.85,2011-06-14,0.1,24,14.3,25,2.2,25
-26.6,151.85,2011-06-15,0.0,24,15.6,25,7.0,25
-26.6,151.85,2011-06-16,0.0,24,17.2,25,2.0,25
-26.6,151.85,2011-06-17,0.0,24,18.3,25,2.9,25
-26.6,151.85,2011-06-18,0.0,24,16.2,25,6.8,25
-26.6,151.85,2011-06-19,0.0,24,17.2,25,-0.5,25
-26.6,151.85,2011-06-20,0.0,24,18.6,25,-1.9,25
-26.6,151.85,2011-06-21,0.0,24,20.5,25,-1.2,25
-26.6,151.85,2011-06-22,0.0,24,15.2,25,0.6,25
-26.6,151.85,2011-06-23,0.0,24,17.8,25,-1.9,25
-26.6,151.85,2011-06-24,0.0,24,19.0,25,-0.3,25
-26.6,151.85,2011-06-25,0.0,24,19.7,25,3.8,25
-26.6,151.85,2011-06-26,0.0,24,19.9,25,5.7,25
-26.6,151.85,2011-06-27,0.0,24,16.9,25,4.6,25
-26.6,151.85,2011-06-28,1.3,24,18.7,25,9.3,25
-26.6,151.85,2011-06-29,0.0,24,19.3,25,7.3,25
-26.6,151.85,2011-06-30,4.3,24,17.3,25,9.0,25
-26.6,151.85,2011-07-01,0.1,24,18.1,25,3.1,25
-26.6,151.85,2011-07-02,0.2,24,18.6,25,1.7,25
-26.6,151.85,2011-07-03,0.2,24,17.8,25,3.6,25
-26.6,151.85,2011-07-04,0.2,24,20.9,25,2.1,25
-26.6,151.85,2011-07-05,0.0,24,19.1,25,4.6,25
-26.6,151.85,2011-07-06,0.0,24,17.9,25,-1.0,25
-26.6,151.85,2011-07-07,0.0,24,18.2,25,-0.8,25
-26.6,151.85,2011-07-08,0.0,24,17.7,25,-1.3,25
-26.6,151.85,2011-07-09,0.0,24,16.3,25,-3.9,25
-26.6,151.85,2011-07-10,0.0,24,15.9,25,-4.7,25
-26.6,151.85,2011-07-11,0.0,24,17.6,25,-1.5,25
-26.6,151.85,2011-07-12,0.0,24,19.2,25,-3.8,25
-26.6,151.85,2011-07-13,0.0,24,20.1,25,-2.8,25
-26.6,151.85,2011-07-14,0.0,24,20.0,25,1.7,25
-26.6,151.85,2011-07-15,0.0,24,13.3,25,8.1,25
-26.6,151.85,2011-07-16,13.4,24,12.3,25,10.1,25
-26.6,151.85,2011-07-17,1.9,24,18.0,25,9.3,25
-26.6,151.85,2011-07-18,0.2,24,20.2,25,4.0,25
-26.6,151.85,2011-07-19,0.0,24,16.0,25,1.8,25
-26.6,151.85,2011-07-20,0.2,24,15.9,25,2.9,25
-26.6,151.85,2011-07-21,0.0,24,18.9,25,2.8,25
-26.6,151.85,2011-07-22,0.0,24,19.3,25,5.9,25
-26.6,151.85,2011-07-23,0.0,24,18.7,25,1.9,25
-26.6,151.85,2011-07-24,0.0,24,19.1,25,-0.4,25
-26.6,151.85,2011-07-25,0.0,24,19.5,25,-2.1,25
-26.6,151.85,2011-07-26,0.0,24,21.2,25,-1.0,25
-26.6,151.85,2011-07-27,0.0,24,20.4,25,0.3,25
-26.6,151.85,2011-07-28,0.0,24,18.0,25,-0.5,25
-26.6,151.85,2011-07-29,0.0,24,19.2,25,0.7,25
-26.6,151.85,2011-07-30,0.0,24,18.8,25,2.7,25
-26.6,151.85,2011-07-31,0.0,24,19.4,25,2.1,25
-26.6,151.85,2011-08-01,0.0,24,21.4,25,0.3,25
-26.6,151.85,2011-08-02,0.0,24,21.5,25,1.0,25
-26.6,151.85,2011-08-03,0.0,24,20.4,25,1.0,25
-26.6,151.85,2011-08-04,0.0,24,20.0,25,0.9,25
-26.6,151.85,2011-08-05,0.0,24,17.4,25,3.7,25
-26.6,151.85,2011-08-06,1.6,24,21.6,25,5.2,25
-26.6,151.85,2011-08-07,0.2,24,23.0,25,6.8,25
-26.6,151.85,2011-08-08,0.0,24,20.6,25,9.4,25
-26.6,151.85,2011-08-09,0.2,24,18.6,25,-1.8,25
-26.6,151.85,2011-08-10,0.0,24,20.3,25,-2.5,25
-26.6,151.85,2011-08-11,0.0,24,20.3,25,2.6,25
-26.6,151.85,2011-08-12,0.0,24,19.1,25,2.1,25
-26.6,151.85,2011-08-13,0.0,24,20.6,25,-0.1,25
-26.6,151.85,2011-08-14,0.0,24,20.2,25,5.5,25
-26.6,151.85,2011-08-15,0.0,24,21.3,25,2.3,25
-26.6,151.85,2011-08-16,0.0,24,21.5,25,2.7,25
-26.6,151.85,2011-08-17,0.0,24,20.6,25,7.5,25
-26.6,151.85,2011-08-18,0.7,24,19.2,25,9.9,25
-26.6,151.85,2011-08-19,0.0,24,18.6,25,-0.2,25
-26.6,151.85,2011-08-20,0.0,24,19.8,25,0.1,25
-26.6,151.85,2011-08-21,0.0,24,18.4,25,4.1,25
-26.6,151.85,2011-08-22,0.0,24,19.5,25,8.2,25
-26.6,151.85,2011-08-23,0.0,24,18.7,25,11.1,25
-26.6,151.85,2011-08-24,9.3,24,19.1,25,10.7,25
-26.6,151.85,2011-08-25,0.0,24,20.6,25,8.7,25
-26.6,151.85,2011-08-26,0.0,24,20.1,25,11.8,25
-26.6,151.85,2011-08-27,10.2,24,19.6,25,14.3,25
-26.6,151.85,2011-08-28,24.2,24,22.8,25,8.6,25
-26.6,151.85,2011-08-29,0.0,24,24.6,25,4.9,25
-26.6,151.85,2011-08-30,0.0,24,21.7,25,12.9,25
-26.6,151.85,2011-08-31,4.3,24,22.1,25,7.7,25
-26.6,151.85,2011-09-01,0.2,24,22.0,25,7.8,25
-26.6,151.85,2011-09-02,0.0,24,21.8,25,5.9,25
-26.6,151.85,2011-09-03,0.0,24,19.9,25,8.5,25
-26.6,151.85,2011-09-04,0.0,24,19.6,25,6.3,25
-26.6,151.85,2011-09-05,0.1,24,19.7,25,7.0,25
-26.6,151.85,2011-09-06,0.0,24,21.2,25,6.1,25
-26.6,151.85,2011-09-07,0.0,24,23.4,25,7.1,25
-26.6,151.85,2011-09-08,0.0,24,24.2,25,5.7,25
-26.6,151.85,2011-09-09,0.0,24,18.0,25,12.2,25
-26.6,151.85,2011-09-10,6.2,24,15.5,25,5.6,25
-26.6,151.85,2011-09-11,0.0,24,19.8,25,4.7,25
-26.6,151.85,2011-09-12,0.0,24,17.8,25,-0.1,25
-26.6,151.85,2011-09-13,0.0,24,20.5,25,1.9,25
-26.6,151.85,2011-09-14,0.0,24,23.2,25,1.7,25
-26.6,151.85,2011-09-15,0.0,24,25.0,25,1.4,25
-26.6,151.85,2011-09-16,0.0,24,26.5,25,2.3,25
-26.6,151.85,2011-09-17,0.0,24,28.5,25,4.3,25
-26.6,151.85,2011-09-18,0.0,24,28.8,25,5.2,25
-26.6,151.85,2011-09-19,0.0,24,28.7,25,4.8,25
-26.6,151.85,2011-09-20,0.0,24,25.1,25,3.1,25
-26.6,151.85,2011-09-21,0.0,24,27.2,25,10.5,25
-26.6,151.85,2011-09-22,0.0,24,25.2,25,10.9,25
-26.6,151.85,2011-09-23,0.0,24,26.3,25,5.3,25
-26.6,151.85,2011-09-24,0.0,24,26.2,25,7.2,25
-26.6,151.85,2011-09-25,0.0,24,27.4,25,11.8,25
-26.6,151.85,2011-09-26,0.0,24,23.4,25,2.9,25
-26.6,151.85,2011-09-27,0.0,24,23.4,25,6.9,25
-26.6,151.85,2011-09-28,0.0,24,22.4,25,6.0,25
-26.6,151.85,2011-09-29,0.0,24,19.4,25,13.5,25
-26.6,151.85,2011-09-30,6.3,24,23.3,25,3.3,25
-26.6,151.85,2011-10-01,0.0,24,24.5,25,4.9,25
-26.6,151.85,2011-10-02,0.0,24,18.8,25,0.8,25
-26.6,151.85,2011-10-03,0.0,24,21.4,25,5.5,25
-26.6,151.85,2011-10-04,1.0,24,23.2,25,3.0,25
-26.6,151.85,2011-10-05,0.0,24,20.2,25,4.5,25
-26.6,151.85,2011-10-06,2.7,24,17.8,25,12.6,25
-26.6,151.85,2011-10-07,8.5,24,25.0,25,10.2,25
-26.6,151.85,2011-10-08,28.3,24,23.4,25,12.2,25
-26.6,151.85,2011-10-09,3.7,24,25.4,25,7.5,25
-26.6,151.85,2011-10-10,0.0,24,25.8,25,8.7,25
-26.6,151.85,2011-10-11,0.0,24,27.2,25,7.9,25
-26.6,151.85,2011-10-12,0.0,24,27.8,25,9.9,25
-26.6,151.85,2011-10-13,0.0,24,27.6,25,15.5,25
-26.6,151.85,2011-10-14,8.6,24,27.0,25,15.6,25
-26.6,151.85,2011-10-15,7.9,24,28.9,25,15.1,25
-26.6,151.85,2011-10-16,2.4,24,28.4,25,11.3,25
-26.6,151.85,2011-10-17,0.0,24,23.0,25,14.1,25
-26.6,151.85,2011-10-18,0.0,24,21.6,25,12.3,25
-26.6,151.85,2011-10-19,0.0,24,20.3,25,11.1,25
-26.6,151.85,2011-10-20,0.0,24,22.1,25,9.1,25
-26.6,151.85,2011-10-21,0.0,24,23.9,25,12.7,25
-26.6,151.85,2011-10-22,0.0,24,24.0,25,10.8,25
-26.6,151.85,2011-10-23,0.0,24,24.2,25,13.1,25
-26.6,151.85,2011-10-24,0.0,24,25.5,25,8.6,25
-26.6,151.85,2011-10-25,0.0,24,29.1,25,14.0,25
-26.6,151.85,2011-10-26,1.1,24,28.9,25,17.3,25
-26.6,151.85,2011-10-27,17.6,24,22.9,25,16.7,25
-26.6,151.85,2011-10-28,0.0,24,22.3,25,16.2,25
-26.6,151.85,2011-10-29,0.2,24,24.5,25,15.9,25
-26.6,151.85,2011-10-30,0.0,24,29.0,25,17.0,25
-26.6,151.85,2011-10-31,15.3,24,24.7,25,16.4,25
-26.6,151.85,2011-11-01,0.2,24,24.1,25,15.2,25
-26.6,151.85,2011-11-02,0.0,24,27.1,25,12.8,25
-26.6,151.85,2011-11-03,0.0,24,31.0,25,11.9,25
-26.6,151.85,2011-11-04,0.0,24,28.1,25,15.0,25
-26.6,151.85,2011-11-05,0.0,24,26.1,25,14.7,25
-26.6,151.85,2011-11-06,0.0,24,26.4,25,15.0,25
-26.6,151.85,2011-11-07,0.0,24,27.7,25,10.5,25
-26.6,151.85,2011-11-08,0.0,24,29.6,25,13.0,25
-26.6,151.85,2011-11-09,0.0,24,29.6,25,15.9,25
-26.6,151.85,2011-11-10,0.0,24,31.0,25,14.2,25
-26.6,151.85,2011-11-11,0.0,24,30.6,25,17.5,25
-26.6,151.85,2011-11-12,0.0,24,30.1,25,15.3,25
-26.6,151.85,2011-11-13,0.0,24,30.3,25,17.5,25
-26.6,151.85,2011-11-14,0.0,24,32.0,25,17.6,25
-26.6,151.85,2011-11-15,0.0,24,34.4,25,14.8,25
-26.6,151.85,2011-11-16,0.0,24,32.6,25,16.5,25
-26.6,151.85,2011-11-17,0.0,24,29.6,25,17.1,25
-26.6,151.85,2011-11-18,0.0,24,29.1,25,14.5,25
-26.6,151.85,2011-11-19,0.0,24,30.2,25,11.6,25
-26.6,151.85,2011-11-20,0.0,24,30.4,25,13.2,25
-26.6,151.85,2011-11-21,0.0,24,31.4,25,13.0,25
-26.6,151.85,2011-11-22,0.0,24,29.0,25,13.4,25
-26.6,151.85,2011-11-23,0.0,24,31.6,25,19.2,25
-26.6,151.85,2011-11-24,2.7,24,29.3,25,20.6,25
-26.6,151.85,2011-11-25,2.8,24,30.3,25,19.9,25
-26.6,151.85,2011-11-26,0.3,24,28.5,25,19.5,25
-26.6,151.85,2011-11-27,0.0,24,32.5,25,15.6,25
-26.6,151.85,2011-11-28,0.0,24,33.1,25,15.0,25
-26.6,151.85,2011-11-29,0.0,24,31.0,25,17.4,25
-26.6,151.85,2011-11-30,0.0,24,31.1,25,14.2,25
-26.6,151.85,2011-12-01,0.0,24,27.1,25,18.2,25
-26.6,151.85,2011-12-02,1.7,24,24.8,25,13.2,25
-26.6,151.85,2011-12-03,0.0,24,27.1,25,11.4,25
-26.6,151.85,2011-12-04,0.0,24,29.0,25,10.5,25
-26.6,151.85,2011-12-05,0.0,24,24.4,25,16.3,25
-26.6,151.85,2011-12-06,3.8,24,19.3,25,14.5,25
-26.6,151.85,2011-12-07,21.8,24,20.3,25,13.6,25
-26.6,151.85,2011-12-08,28.2,24,24.4,25,14.7,25
-26.6,151.85,2011-12-09,1.3,24,26.2,25,15.0,25
-26.6,151.85,2011-12-10,29.6,24,26.3,25,16.8,25
-26.6,151.85,2011-12-11,7.4,24,27.6,25,17.7,25
-26.6,151.85,2011-12-12,4.7,24,29.1,25,19.7,25
-26.6,151.85,2011-12-13,0.2,24,30.2,25,13.1,25
-26.6,151.85,2011-12-14,0.0,24,29.7,25,15.5,25
-26.6,151.85,2011-12-15,0.0,24,24.5,25,17.4,25
-26.6,151.85,2011-12-16,1.3,24,22.6,25,16.3,25
-26.6,151.85,2011-12-17,0.2,24,25.1,25,14.3,25
-26.6,151.85,2011-12-18,0.0,24,25.6,25,12.0,25
-26.6,151.85,2011-12-19,0.2,24,24.2,25,12.7,25
-26.6,151.85,2011-12-20,0.0,24,28.3,25,13.8,25
-26.6,151.85,2011-12-21,0.0,24,27.4,25,14.1,25
-26.6,151.85,2011-12-22,0.1,24,27.4,25,15.7,25
-26.6,151.85,2011-12-23,0.0,24,26.0,25,17.8,25
-26.6,151.85,2011-12-24,7.6,24,26.8,25,18.0,25
-26.6,151.85,2011-12-25,0.0,24,28.1,25,16.5,25
-26.6,151.85,2011-12-26,0.0,24,31.7,25,13.3,25
-26.6,151.85,2011-12-27,0.0,24,31.4,25,17.0,25
-26.6,151.85,2011-12-28,2.2,24,28.6,25,14.8,25
-26.6,151.85,2011-12-29,0.0,24,26.8,25,16.8,25
-26.6,151.85,2011-12-30,0.1,24,27.3,25,15.9,25
-26.6,151.85,2011-12-31,0.0,24,27.7,25,14.7,25
-26.6,151.85,2012-01-01,0.0,24,27.8,25,13.7,25
-26.6,151.85,2012-01-02,0.0,24,27.7,25,11.9,25
-26.6,151.85,2012-01-03,0.0,24,28.6,25,12.5,25
-26.6,151.85,2012-01-04,0.0,24,30.9,25,12.3,25
-26.6,151.85,2012-01-05,0.0,24,29.3,25,16.0,25
-26.6,151.85,2012-01-06,0.0,24,32.1,25,14.9,25
-26.6,151.85,2012-01-07,0.0,24,30.3,25,15.4,25
-26.6,151.85,2012-01-08,0.0,24,32.5,25,19.3,25
-26.6,151.85,2012-01-09,0.0,24,37.1,25,19.7,25
-26.6,151.85,2012-01-10,0.0,24,36.3,25,18.8,25
-26.6,151.85,2012-01-11,0.0,24,34.5,25,16.5,25
-26.6,151.85,2012-01-12,0.0,24,32.4,25,12.7,25
-26.6,151.85,2012-01-13,0.0,24,28.9,25,17.9,25
-26.6,151.85,2012-01-14,0.0,24,24.6,25,15.2,25
-26.6,151.85,2012-01-15,0.5,24,24.1,25,16.7,25
-26.6,151.85,2012-01-16,4.8,24,21.0,25,16.7,25
-26.6,151.85,2012-01-17,11.0,24,22.4,25,16.9,25
-26.6,151.85,2012-01-18,2.1,24,30.0,25,17.1,25
-26.6,151.85,2012-01-19,0.3,24,31.2,25,19.0,25
-26.6,151.85,2012-01-20,0.0,24,30.0,25,16.7,25
-26.6,151.85,2012-01-21,0.0,24,29.9,25,16.9,25
-26.6,151.85,2012-01-22,0.0,24,29.2,25,17.4,25
-26.6,151.85,2012-01-23,0.0,24,24.1,25,18.8,25
-26.6,151.85,2012-01-24,1.9,24,26.0,25,19.0,25
-26.6,151.85,2012-01-25,78.9,24,27.3,25,19.0,25
-26.6,151.85,2012-01-26,28.8,24,29.5,25,19.9,25
-26.6,151.85,2012-01-27,7.5,24,23.8,25,20.9,25
-26.6,151.85,2012-01-28,11.4,24,23.2,25,19.5,25
-26.6,151.85,2012-01-29,2.2,24,26.1,25,19.4,25
-26.6,151.85,2012-01-30,0.4,24,28.1,25,20.4,25
-26.6,151.85,2012-01-31,0.1,24,28.1,25,19.4,25
-26.6,151.85,2012-02-01,0.0,24,29.8,25,20.1,25
-26.6,151.85,2012-02-02,0.0,24,28.9,25,16.7,25
-26.6,151.85,2012-02-03,0.0,24,24.2,25,17.2,25
-26.6,151.85,2012-02-04,1.5,24,28.3,25,18.1,25
-26.6,151.85,2012-02-05,0.0,24,30.4,25,15.4,25
-26.6,151.85,2012-02-06,0.0,24,32.6,25,20.0,25
-26.6,151.85,2012-02-07,0.0,24,31.6,25,18.3,25
-26.6,151.85,2012-02-08,25.0,24,28.7,25,17.2,25
-26.6,151.85,2012-02-09,0.4,24,28.6,25,16.8,25
-26.6,151.85,2012-02-10,0.0,24,29.9,25,17.6,25
-26.6,151.85,2012-02-11,1.1,24,30.2,25,17.6,25
-26.6,151.85,2012-02-12,8.4,24,30.2,25,17.1,25
-26.6,151.85,2012-02-13,11.5,24,29.6,25,17.7,25
-26.6,151.85,2012-02-14,9.0,24,28.4,25,16.9,25
-26.6,151.85,2012-02-15,0.1,24,27.4,25,17.0,25
-26.6,151.85,2012-02-16,0.0,24,27.6,25,15.6,25
-26.6,151.85,2012-02-17,0.0,24,28.1,25,15.8,25
-26.6,151.85,2012-02-18,0.0,24,28.8,25,17.0,25
-26.6,151.85,2012-02-19,0.0,24,29.8,25,15.6,25
-26.6,151.85,2012-02-20,0.0,24,32.5,25,17.7,25
-26.6,151.85,2012-02-21,0.0,24,31.7,25,20.5,25
-26.6,151.85,2012-02-22,12.8,24,27.3,25,17.8,25
-26.6,151.85,2012-02-23,38.3,24,20.7,25,18.3,25
-26.6,151.85,2012-02-24,3.7,24,25.0,25,16.9,25
-26.6,151.85,2012-02-25,9.9,24,25.3,25,18.7,25
-26.6,151.85,2012-02-26,6.2,24,24.5,25,20.1,25
-26.6,151.85,2012-02-27,2.3,24,27.3,25,17.5,25
-26.6,151.85,2012-02-28,0.0,24,28.9,25,16.5,25
-26.6,151.85,2012-02-29,0.2,24,28.9,25,15.7,25
-26.6,151.85,2012-03-01,0.0,24,28.5,25,14.9,25
-26.6,151.85,2012-03-02,0.0,24,29.9,25,13.8,25
-26.6,151.85,2012-03-03,0.0,24,28.5,25,15.5,25
-26.6,151.85,2012-03-04,0.0,24,28.1,25,17.7,25
-26.6,151.85,2012-03-05,2.9,24,26.4,25,20.6,25
-26.6,151.85,2012-03-06,0.3,24,24.7,25,20.1,25
-26.6,151.85,2012-03-07,0.3,24,25.9,25,15.2,25
-26.6,151.85,2012-03-08,0.2,24,28.5,25,15.1,25
-26.6,151.85,2012-03-09,0.0,24,28.8,25,13.5,25
-26.6,151.85,2012-03-10,0.0,24,29.0,25,9.0,25
-26.6,151.85,2012-03-11,0.0,24,27.8,25,13.2,25
-26.6,151.85,2012-03-12,0.0,24,27.4,25,14.1,25
-26.6,151.85,2012-03-13,0.0,24,25.9,25,14.1,25
-26.6,151.85,2012-03-14,0.0,24,21.3,25,16.9,25
-26.6,151.85,2012-03-15,8.5,24,27.4,25,17.6,25
-26.6,151.85,2012-03-16,1.1,24,27.9,25,17.7,25
-26.6,151.85,2012-03-17,0.0,24,25.8,25,17.1,25
-26.6,151.85,2012-03-18,17.2,24,21.9,25,17.8,25
-26.6,151.85,2012-03-19,0.6,24,25.2,25,13.7,25
-26.6,151.85,2012-03-20,0.8,24,25.6,25,17.1,25
-26.6,151.85,2012-03-21,0.8,24,22.6,25,18.2,25
-26.6,151.85,2012-03-22,4.3,24,22.0,25,18.8,25
-26.6,151.85,2012-03-23,15.3,24,25.6,25,17.9,25
-26.6,151.85,2012-03-24,0.2,24,27.3,25,9.4,25
-26.6,151.85,2012-03-25,0.0,24,22.3,25,17.8,25
-26.6,151.85,2012-03-26,0.0,24,24.6,25,12.3,25
-26.6,151.85,2012-03-27,0.0,24,24.5,25,11.3,25
-26.6,151.85,2012-03-28,0.0,24,24.9,25,13.0,25
-26.6,151.85,2012-03-29,0.0,24,25.1,25,13.0,25
-26.6,151.85,2012-03-30,0.0,24,26.0,25,12.6,25
-26.6,151.85,2012-03-31,0.0,24,27.1,25,13.5,25
-26.6,151.85,2012-04-01,0.0,24,27.0,25,11.7,25
-26.6,151.85,2012-04-02,0.0,24,27.5,25,9.6,25
-26.6,151.85,2012-04-03,0.0,24,28.7,25,10.5,25
-26.6,151.85,2012-04-04,0.0,24,25.8,25,10.9,25
-26.6,151.85,2012-04-05,0.0,24,25.9,25,12.3,25
-26.6,151.85,2012-04-06,0.0,24,25.1,25,11.3,25
-26.6,151.85,2012-04-07,0.0,24,27.1,25,9.3,25
-26.6,151.85,2012-04-08,0.0,24,25.6,25,10.7,25
-26.6,151.85,2012-04-09,0.0,24,28.7,25,11.0,25
-26.6,151.85,2012-04-10,0.1,24,24.7,25,10.5,25
-26.6,151.85,2012-04-11,0.0,24,21.9,25,8.6,25
-26.6,151.85,2012-04-12,0.0,24,22.2,25,10.3,25
-26.6,151.85,2012-04-13,0.1,24,22.6,25,11.5,25
-26.6,151.85,2012-04-14,0.0,24,22.4,25,14.0,25
-26.6,151.85,2012-04-15,1.7,24,24.7,25,14.5,25
-26.6,151.85,2012-04-16,0.0,24,24.7,25,14.7,25
-26.6,151.85,2012-04-17,0.0,24,23.8,25,15.1,25
-26.6,151.85,2012-04-18,0.0,24,24.5,25,13.8,25
-26.6,151.85,2012-04-19,0.0,24,27.1,25,12.4,25
-26.6,151.85,2012-04-20,0.0,24,28.7,25,11.8,25
-26.6,151.85,2012-04-21,0.0,24,27.6,25,11.0,25
-26.6,151.85,2012-04-22,0.0,24,27.5,25,11.3,25
-26.6,151.85,2012-04-23,0.0,24,27.9,25,14.2,25
-26.6,151.85,2012-04-24,0.0,24,24.5,25,15.2,25
-26.6,151.85,2012-04-25,0.0,24,22.3,25,14.1,25
-26.6,151.85,2012-04-26,0.0,24,22.6,25,5.9,25
-26.6,151.85,2012-04-27,0.0,24,20.5,25,9.7,25
-26.6,151.85,2012-04-28,14.6,24,17.2,25,14.3,25
-26.6,151.85,2012-04-29,7.3,24,20.6,25,12.8,25
-26.6,151.85,2012-04-30,4.8,24,21.1,25,11.5,25
-26.6,151.85,2012-05-01,0.0,24,22.5,25,10.9,25
-26.6,151.85,2012-05-02,2.0,24,21.5,25,14.4,25
-26.6,151.85,2012-05-03,0.0,24,23.3,25,10.6,25
-26.6,151.85,2012-05-04,0.0,24,23.1,25,13.1,25
-26.6,151.85,2012-05-05,5.2,24,21.7,25,7.4,25
-26.6,151.85,2012-05-06,0.0,24,21.8,25,1.1,25
-26.6,151.85,2012-05-07,0.0,24,23.5,25,3.0,25
-26.6,151.85,2012-05-08,0.0,24,24.3,25,2.6,25
-26.6,151.85,2012-05-09,0.0,24,25.0,25,4.0,25
-26.6,151.85,2012-05-10,0.0,24,24.2,25,4.1,25
-26.6,151.85,2012-05-11,0.0,24,23.7,25,5.2,25
-26.6,151.85,2012-05-12,0.0,24,25.1,25,5.1,25
-26.6,151.85,2012-05-13,0.0,24,23.5,25,4.6,25
-26.6,151.85,2012-05-14,0.0,24,18.7,25,3.2,25
-26.6,151.85,2012-05-15,0.0,24,20.1,25,-0.3,25
-26.6,151.85,2012-05-16,0.0,24,21.2,25,2.5,25
-26.6,151.85,2012-05-17,0.0,24,21.6,25,3.4,25
-26.6,151.85,2012-05-18,0.0,24,21.1,25,6.8,25
-26.6,151.85,2012-05-19,0.0,24,21.5,25,4.0,25
-26.6,151.85,2012-05-20,0.0,24,21.5,25,3.7,25
-26.6,151.85,2012-05-21,0.0,24,21.2,25,3.9,25
-26.6,151.85,2012-05-22,0.0,24,22.3,25,5.8,25
-26.6,151.85,2012-05-23,0.0,24,22.4,25,7.9,25
-26.6,151.85,2012-05-24,0.8,24,21.3,25,10.3,25
-26.6,151.85,2012-05-25,1.2,24,15.4,25,14.2,25
-26.6,151.85,2012-05-26,12.2,24,17.0,25,5.5,25
-26.6,151.85,2012-05-27,0.2,24,17.5,25,-0.4,25
-26.6,151.85,2012-05-28,0.0,24,19.1,25,1.7,25
-26.6,151.85,2012-05-29,0.0,24,20.2,25,7.7,25
-26.6,151.85,2012-05-30,0.0,24,19.3,25,11.3,25
-26.6,151.85,2012-05-31,0.8,24,16.8,25,11.1,25
-26.6,151.85,2012-06-01,0.6,24,17.9,25,12.2,25
-26.6,151.85,2012-06-02,0.3,24,17.2,25,13.3,25
-26.6,151.85,2012-06-03,45.2,24,20.1,25,14.4,25
-26.6,151.85,2012-06-04,0.8,24,18.6,25,7.3,25
-26.6,151.85,2012-06-05,0.0,24,14.5,25,2.9,25
-26.6,151.85,2012-06-06,0.0,24,15.5,25,3.4,25
-26.6,151.85,2012-06-07,0.0,24,18.5,25,2.4,25
-26.6,151.85,2012-06-08,0.0,24,17.5,25,7.1,25
-26.6,151.85,2012-06-09,0.0,24,16.7,25,8.1,25
-26.6,151.85,2012-06-10,0.2,24,15.2,25,10.6,25
-26.6,151.85,2012-06-11,2.5,24,16.3,25,7.9,25
-26.6,151.85,2012-06-12,3.0,24,18.7,25,7.7,25
-26.6,151.85,2012-06-13,0.0,24,19.4,25,5.9,25
-26.6,151.85,2012-06-14,0.2,24,20.3,25,2.3,25
-26.6,151.85,2012-06-15,0.0,24,20.8,25,2.8,25
-26.6,151.85,2012-06-16,0.2,24,21.3,25,3.4,25
-26.6,151.85,2012-06-17,0.2,24,19.7,25,6.7,25
-26.6,151.85,2012-06-18,0.0,24,18.1,25,-0.4,25
-26.6,151.85,2012-06-19,0.0,24,19.2,25,-1.1,25
-26.6,151.85,2012-06-20,0.0,24,20.3,25,-1.5,25
-26.6,151.85,2012-06-21,0.2,24,20.2,25,-1.4,25
-26.6,151.85,2012-06-22,0.0,24,22.5,25,5.5,25
-26.6,151.85,2012-06-23,0.0,24,15.3,25,8.3,25
-26.6,151.85,2012-06-24,0.0,24,14.5,25,5.9,25
-26.6,151.85,2012-06-25,7.0,24,12.8,25,9.5,25
-26.6,151.85,2012-06-26,6.2,24,12.7,25,10.0,25
-26.6,151.85,2012-06-27,42.2,24,12.7,25,9.4,25
-26.6,151.85,2012-06-28,17.8,24,15.9,25,10.6,25
-26.6,151.85,2012-06-29,1.1,24,20.6,25,11.2,25
-26.6,151.85,2012-06-30,0.2,24,20.3,25,4.7,25
-26.6,151.85,2012-07-01,0.0,24,20.4,25,3.2,25
-26.6,151.85,2012-07-02,0.0,24,15.3,25,1.1,25
-26.6,151.85,2012-07-03,0.2,24,15.9,25,-2.4,25
-26.6,151.85,2012-07-04,0.0,24,16.0,25,-2.1,25
-26.6,151.85,2012-07-05,0.0,24,17.8,25,-2.2,25
-26.6,151.85,2012-07-06,0.0,24,16.9,25,2.7,25
-26.6,151.85,2012-07-07,0.0,24,17.1,25,4.5,25
-26.6,151.85,2012-07-08,0.0,24,17.9,25,7.3,25
-26.6,151.85,2012-07-09,0.0,24,18.7,25,8.7,25
-26.6,151.85,2012-07-10,0.0,24,16.2,25,9.7,25
-26.6,151.85,2012-07-11,4.8,24,19.9,25,12.1,25
-26.6,151.85,2012-07-12,1.6,24,20.0,25,14.4,25
-26.6,151.85,2012-07-13,7.5,24,20.0,25,16.5,25
-26.6,151.85,2012-07-14,29.3,24,20.3,25,13.9,25
-26.6,151.85,2012-07-15,0.4,24,16.5,25,11.2,25
-26.6,151.85,2012-07-16,0.0,24,18.2,25,1.4,25
-26.6,151.85,2012-07-17,0.7,24,18.8,25,9.3,25
-26.6,151.85,2012-07-18,2.3,24,16.4,25,11.7,25
-26.6,151.85,2012-07-19,4.0,24,17.8,25,8.7,25
-26.6,151.85,2012-07-20,0.1,24,18.1,25,1.7,25
-26.6,151.85,2012-07-21,0.0,24,19.1,25,2.1,25
-26.6,151.85,2012-07-22,0.0,24,18.4,25,3.2,25
-26.6,151.85,2012-07-23,0.0,24,18.1,25,2.6,25
-26.6,151.85,2012-07-24,0.0,24,18.6,25,2.9,25
-26.6,151.85,2012-07-25,0.0,24,18.9,25,2.4,25
-26.6,151.85,2012-07-26,0.0,24,20.1,25,5.1,25
-26.6,151.85,2012-07-27,0.8,24,18.5,25,7.8,25
-26.6,151.85,2012-07-28,0.0,24,15.4,25,0.8,25
-26.6,151.85,2012-07-29,0.0,24,17.5,25,0.7,25
-26.6,151.85,2012-07-30,0.0,24,18.2,25,-0.7,25
-26.6,151.85,2012-07-31,0.0,24,18.0,25,0.5,25
-26.6,151.85,2012-08-01,0.0,24,18.3,25,-1.2,25
-26.6,151.85,2012-08-02,0.0,24,16.9,25,-2.7,25
-26.6,151.85,2012-08-03,0.0,24,18.9,25,-3.9,25
-26.6,151.85,2012-08-04,0.0,24,19.8,25,-2.4,25
-26.6,151.85,2012-08-05,0.0,24,20.3,25,-2.6,25
-26.6,151.85,2012-08-06,0.0,24,21.8,25,-1.3,25
-26.6,151.85,2012-08-07,0.0,24,21.1,25,-1.2,25
-26.6,151.85,2012-08-08,0.0,24,21.8,25,-3.3,25
-26.6,151.85,2012-08-09,0.0,24,23.6,25,-1.2,25
-26.6,151.85,2012-08-10,0.0,24,14.9,25,4.9,25
-26.6,151.85,2012-08-11,0.0,24,17.2,25,2.1,25
-26.6,151.85,2012-08-12,0.0,24,19.3,25,4.2,25
-26.6,151.85,2012-08-13,0.0,24,19.2,25,2.1,25
-26.6,151.85,2012-08-14,0.0,24,20.6,25,-0.8,25
-26.6,151.85,2012-08-15,0.0,24,21.9,25,-0.1,25
-26.6,151.85,2012-08-16,0.0,24,24.1,25,1.5,25
-26.6,151.85,2012-08-17,0.0,24,24.8,25,4.5,25
-26.6,151.85,2012-08-18,0.0,24,18.6,25,4.0,25
-26.6,151.85,2012-08-19,0.0,24,18.6,25,-1.2,25
-26.6,151.85,2012-08-20,0.0,24,21.1,25,3.0,25
-26.6,151.85,2012-08-21,0.0,24,21.4,25,2.7,25
-26.6,151.85,2012-08-22,0.0,24,23.1,25,4.9,25
-26.6,151.85,2012-08-23,0.0,24,25.6,25,10.4,25
-26.6,151.85,2012-08-24,1.4,24,24.7,25,14.9,25
-26.6,151.85,2012-08-25,0.0,24,23.4,25,5.4,25
-26.6,151.85,2012-08-26,0.0,24,23.5,25,0.9,25
-26.6,151.85,2012-08-27,0.0,24,21.4,25,4.9,25
-26.6,151.85,2012-08-28,0.0,24,22.2,25,4.9,25
-26.6,151.85,2012-08-29,0.0,24,22.7,25,4.3,25
-26.6,151.85,2012-08-30,0.0,24,25.0,25,5.9,25
-26.6,151.85,2012-08-31,2.1,24,21.3,25,10.8,25
-26.6,151.85,2012-09-01,0.0,24,19.1,25,0.3,25
-26.6,151.85,2012-09-02,0.0,24,20.1,25,-2.0,25
-26.6,151.85,2012-09-03,0.0,24,21.6,25,-0.5,25
-26.6,151.85,2012-09-04,0.0,24,22.7,25,1.4,25
-26.6,151.85,2012-09-05,0.0,24,22.4,25,2.9,25
-26.6,151.85,2012-09-06,0.0,24,24.9,25,6.4,25
-26.6,151.85,2012-09-07,0.0,24,27.2,25,8.9,25
-26.6,151.85,2012-09-08,0.0,24,22.5,25,6.1,25
-26.6,151.85,2012-09-09,0.0,24,24.2,25,5.4,25
-26.6,151.85,2012-09-10,0.0,24,20.7,25,10.4,25
-26.6,151.85,2012-09-11,0.0,24,24.0,25,5.0,25
-26.6,151.85,2012-09-12,0.0,24,24.4,25,4.2,25
-26.6,151.85,2012-09-13,0.0,24,25.6,25,6.0,25
-26.6,151.85,2012-09-14,0.0,24,21.0,25,6.5,25
-26.6,151.85,2012-09-15,0.0,24,22.1,25,2.1,25
-26.6,151.85,2012-09-16,0.0,24,22.4,25,4.4,25
-26.6,151.85,2012-09-17,0.0,24,22.5,25,5.0,25
-26.6,151.85,2012-09-18,0.5,24,23.7,25,6.0,25
-26.6,151.85,2012-09-19,0.0,24,27.1,25,9.7,25
-26.6,151.85,2012-09-20,0.0,24,29.3,25,6.5,25
-26.6,151.85,2012-09-21,0.0,24,28.0,25,9.3,25
-26.6,151.85,2012-09-22,4.4,24,29.7,25,9.4,25
-26.6,151.85,2012-09-23,0.2,24,30.2,25,8.9,25
-26.6,151.85,2012-09-24,0.6,24,31.6,25,7.4,25
-26.6,151.85,2012-09-25,1.3,24,26.1,25,6.4,25
-26.6,151.85,2012-09-26,0.2,24,23.1,25,13.3,25
-26.6,151.85,2012-09-27,0.2,24,24.7,25,8.0,25
-26.6,151.85,2012-09-28,0.0,24,26.2,25,7.5,25
-26.6,151.85,2012-09-29,0.0,24,26.6,25,10.0,25
-26.6,151.85,2012-09-30,2.2,24,20.1,25,14.6,25
-26.6,151.85,2012-10-01,0.0,24,21.3,25,8.9,25
-26.6,151.85,2012-10-02,0.3,24,23.6,25,11.7,25
-26.6,151.85,2012-10-03,0.0,24,22.8,25,5.6,25
-26.6,151.85,2012-10-04,0.0,24,27.2,25,5.1,25
-26.6,151.85,2012-10-05,0.0,24,28.7,25,7.0,25
-26.6,151.85,2012-10-06,0.0,24,30.2,25,7.0,25
-26.6,151.85,2012-10-07,0.0,24,33.4,25,10.3,25
-26.6,151.85,2012-10-08,0.0,24,26.1,25,15.3,25
-26.6,151.85,2012-10-09,0.0,24,29.1,25,13.9,25
-26.6,151.85,2012-10-10,0.0,24,31.2,25,10.1,25
-26.6,151.85,2012-10-11,3.5,24,20.7,25,16.9,25
-26.6,151.85,2012-10-12,13.8,24,17.2,25,6.4,25
-26.6,151.85,2012-10-13,0.0,24,23.2,25,2.6,25
-26.6,151.85,2012-10-14,0.0,24,25.6,25,4.9,25
-26.6,151.85,2012-10-15,0.0,24,24.9,25,10.4,25
-26.6,151.85,2012-10-16,0.0,24,26.4,25,7.4,25
-26.6,151.85,2012-10-17,0.0,24,29.0,25,7.6,25
-26.6,151.85,2012-10-18,0.0,24,31.0,25,9.1,25
-26.6,151.85,2012-10-19,0.0,24,30.1,25,15.1,25
-26.6,151.85,2012-10-20,0.1,24,33.8,25,12.2,25
-26.6,151.85,2012-10-21,0.3,24,34.3,25,12.1,25
-26.6,151.85,2012-10-22,0.0,24,32.1,25,16.2,25
-26.6,151.85,2012-10-23,0.0,24,23.4,25,11.1,25
-26.6,151.85,2012-10-24,0.0,24,24.6,25,7.1,25
-26.6,151.85,2012-10-25,0.0,24,28.9,25,7.8,25
-26.6,151.85,2012-10-26,0.0,24,32.3,25,8.0,25
-26.6,151.85,2012-10-27,0.0,24,31.2,25,12.9,25
-26.6,151.85,2012-10-28,1.9,24,17.8,25,14.2,25
-26.6,151.85,2012-10-29,2.8,24,20.0,25,13.3,25
-26.6,151.85,2012-10-30,0.2,24,23.3,25,10.5,25
-26.6,151.85,2012-10-31,0.2,24,27.8,25,13.2,25
-26.6,151.85,2012-11-01,0.2,24,32.0,25,14.8,25
-26.6,151.85,2012-11-02,0.0,24,32.3,25,15.8,25
-26.6,151.85,2012-11-03,0.0,24,27.2,25,14.2,25
-26.6,151.85,2012-11-04,10.1,24,22.9,25,14.7,25
-26.6,151.85,2012-11-05,0.0,24,28.3,25,11.0,25
-26.6,151.85,2012-11-06,0.0,24,28.1,25,10.5,25
-26.6,151.85,2012-11-07,0.0,24,28.2,25,9.8,25
-26.6,151.85,2012-11-08,0.0,24,30.0,25,16.8,25
-26.6,151.85,2012-11-09,0.2,24,28.9,25,17.9,25
-26.6,151.85,2012-11-10,61.0,24,20.4,25,17.0,25
-26.6,151.85,2012-11-11,8.0,24,22.1,25,15.0,25
-26.6,151.85,2012-11-12,0.2,24,24.6,25,11.1,25
-26.6,151.85,2012-11-13,0.0,24,28.1,25,8.5,25
-26.6,151.85,2012-11-14,0.0,24,29.7,25,10.2,25
-26.6,151.85,2012-11-15,0.0,24,31.2,25,12.3,25
-26.6,151.85,2012-11-16,0.0,24,32.2,25,13.8,25
-26.6,151.85,2012-11-17,0.0,24,30.3,25,17.8,25
-26.6,151.85,2012-11-18,68.6,24,27.8,25,15.6,25
-26.6,151.85,2012-11-19,6.7,24,30.8,25,16.5,25
-26.6,151.85,2012-11-20,0.0,24,27.7,25,14.7,25
-26.6,151.85,2012-11-21,0.0,24,27.9,25,12.6,25
-26.6,151.85,2012-11-22,0.0,24,30.5,25,13.4,25
-26.6,151.85,2012-11-23,4.6,24,28.0,25,17.5,25
-26.6,151.85,2012-11-24,0.0,24,26.7,25,16.2,25
-26.6,151.85,2012-11-25,0.0,24,28.0,25,16.8,25
-26.6,151.85,2012-11-26,0.0,24,28.3,25,14.8,25
-26.6,151.85,2012-11-27,0.0,24,28.9,25,14.1,25
-26.6,151.85,2012-11-28,0.0,24,30.4,25,18.4,25
-26.6,151.85,2012-11-29,0.0,24,30.5,25,16.1,25
-26.6,151.85,2012-11-30,0.0,24,33.3,25,15.4,25
-26.6,151.85,2012-12-01,0.0,24,31.5,25,16.8,25
-26.6,151.85,2012-12-02,0.0,24,31.7,25,17.8,25
-26.6,151.85,2012-12-03,0.0,24,30.3,25,17.9,25
-26.6,151.85,2012-12-04,2.8,24,33.5,25,17.4,25
-26.6,151.85,2012-12-05,0.0,24,29.9,25,12.6,25
-26.6,151.85,2012-12-06,0.0,24,31.2,25,9.7,25
-26.6,151.85,2012-12-07,0.0,24,30.9,25,15.4,25
-26.6,151.85,2012-12-08,0.0,24,29.2,25,15.4,25
-26.6,151.85,2012-12-09,0.0,24,28.8,25,16.3,25
-26.6,151.85,2012-12-10,0.0,24,30.1,25,16.3,25
-26.6,151.85,2012-12-11,1.9,24,27.6,25,16.0,25
-26.6,151.85,2012-12-12,0.2,24,27.6,25,14.7,25
-26.6,151.85,2012-12-13,0.1,24,27.6,25,13.6,25
-26.6,151.85,2012-12-14,0.0,24,29.5,25,11.1,25
-26.6,151.85,2012-12-15,0.0,24,31.6,25,10.0,25
-26.6,151.85,2012-12-16,0.0,24,34.4,25,18.9,25
-26.6,151.85,2012-12-17,0.0,24,37.1,25,16.9,25
-26.6,151.85,2012-12-18,1.5,24,35.5,25,20.4,25
-26.6,151.85,2012-12-19,1.2,24,33.9,25,18.2,25
-26.6,151.85,2012-12-20,0.0,24,32.5,25,20.4,25
-26.6,151.85,2012-12-21,0.0,24,31.3,25,21.2,25
-26.6,151.85,2012-12-22,5.8,24,27.2,25,19.9,25
-26.6,151.85,2012-12-23,0.0,24,32.0,25,18.6,25
-26.6,151.85,2012-12-24,6.1,24,27.5,25,17.1,25
-26.6,151.85,2012-12-25,0.0,24,32.8,25,13.9,25
-26.6,151.85,2012-12-26,7.8,24,24.7,25,17.6,25
-26.6,151.85,2012-12-27,0.0,24,30.5,25,17.5,25
-26.6,151.85,2012-12-28,0.0,24,31.7,25,18.7,25
-26.6,151.85,2012-12-29,0.1,24,32.2,25,14.6,25
-26.6,151.85,2012-12-30,0.2,24,29.9,25,19.3,25
-26.6,151.85,2012-12-31,0.0,24,29.9,25,16.1,25
-26.6,151.85,2013-01-01,0.0,24,28.4,25,16.6,25
-26.6,151.85,2013-01-02,0.0,24,36.2,25,15.1,25
-26.6,151.85,2013-01-03,0.0,24,31.6,25,20.3,25
-26.6,151.85,2013-01-04,0.0,24,30.7,25,17.8,25
-26.6,151.85,2013-01-05,0.0,24,29.9,25,16.2,25
-26.6,151.85,2013-01-06,0.0,24,28.0,25,16.3,25
-26.6,151.85,2013-01-07,0.2,24,28.4,25,17.5,25
-26.6,151.85,2013-01-08,0.0,24,31.4,25,15.2,25
-26.6,151.85,2013-01-09,0.0,24,36.3,25,16.4,25
-26.6,151.85,2013-01-10,0.4,24,37.5,25,20.0,25
-26.6,151.85,2013-01-11,17.7,24,34.8,25,20.1,25
-26.6,151.85,2013-01-12,0.2,24,37.1,25,20.5,25
-26.6,151.85,2013-01-13,0.0,24,37.5,25,20.8,25
-26.6,151.85,2013-01-14,0.0,24,34.4,25,19.2,25
-26.6,151.85,2013-01-15,0.0,24,25.3,25,18.1,25
-26.6,151.85,2013-01-16,0.0,24,31.5,25,17.1,25
-26.6,151.85,2013-01-17,0.0,24,33.8,25,14.8,25
-26.6,151.85,2013-01-18,0.0,24,35.7,25,17.7,25
-26.6,151.85,2013-01-19,0.0,24,37.8,25,20.4,25
-26.6,151.85,2013-01-20,0.7,24,33.5,25,21.4,25
-26.6,151.85,2013-01-21,0.0,24,32.0,25,17.4,25
-26.6,151.85,2013-01-22,0.0,24,30.8,25,17.8,25
-26.6,151.85,2013-01-23,0.0,24,32.5,25,17.2,25
-26.6,151.85,2013-01-24,0.0,24,23.0,25,20.3,25
-26.6,151.85,2013-01-25,15.7,24,25.4,25,19.7,25
-26.6,151.85,2013-01-26,13.3,24,22.6,25,20.8,25
-26.6,151.85,2013-01-27,229.4,24,23.8,25,20.3,25
-26.6,151.85,2013-01-28,66.9,24,26.5,25,21.5,25
-26.6,151.85,2013-01-29,7.4,24,32.8,25,18.7,25
-26.6,151.85,2013-01-30,0.2,24,32.9,25,16.8,25
-26.6,151.85,2013-01-31,1.5,24,29.5,25,20.6,25
-26.6,151.85,2013-02-01,0.2,24,30.0,25,18.3,25
-26.6,151.85,2013-02-02,8.1,24,26.4,25,16.7,25
-26.6,151.85,2013-02-03,0.2,24,28.7,25,11.3,25
-26.6,151.85,2013-02-04,0.0,24,26.7,25,13.7,25
-26.6,151.85,2013-02-05,0.0,24,27.3,25,15.4,25
-26.6,151.85,2013-02-06,0.0,24,27.3,25,16.2,25
-26.6,151.85,2013-02-07,0.0,24,26.9,25,13.9,25
-26.6,151.85,2013-02-08,0.0,24,26.7,25,14.0,25
-26.6,151.85,2013-02-09,0.0,24,23.0,25,18.0,25
-26.6,151.85,2013-02-10,9.7,24,28.3,25,16.1,25
-26.6,151.85,2013-02-11,0.0,24,27.9,25,15.5,25
-26.6,151.85,2013-02-12,0.0,24,28.1,25,16.5,25
-26.6,151.85,2013-02-13,0.0,24,27.0,25,15.8,25
-26.6,151.85,2013-02-14,0.0,24,27.0,25,15.6,25
-26.6,151.85,2013-02-15,0.0,24,24.1,25,17.7,25
-26.6,151.85,2013-02-16,0.2,24,25.9,25,17.4,25
-26.6,151.85,2013-02-17,0.0,24,25.1,25,17.9,25
-26.6,151.85,2013-02-18,0.2,24,20.4,25,17.7,25
-26.6,151.85,2013-02-19,22.7,24,23.4,25,18.1,25
-26.6,151.85,2013-02-20,29.6,24,28.8,25,17.0,25
-26.6,151.85,2013-02-21,0.3,24,27.8,25,16.0,25
-26.6,151.85,2013-02-22,6.2,24,28.0,25,16.1,25
-26.6,151.85,2013-02-23,0.0,24,30.5,25,15.0,25
-26.6,151.85,2013-02-24,0.0,24,28.7,25,17.8,25
-26.6,151.85,2013-02-25,3.4,24,22.1,25,20.3,25
-26.6,151.85,2013-02-26,84.1,24,23.7,25,19.1,25
-26.6,151.85,2013-02-27,11.9,24,25.2,25,19.2,25
-26.6,151.85,2013-02-28,1.1,24,25.7,25,18.4,25
-26.6,151.85,2013-03-01,0.8,24,21.3,25,19.1,25
-26.6,151.85,2013-03-02,63.0,24,20.5,25,18.6,25
-26.6,151.85,2013-03-03,30.6,24,22.7,25,18.2,25
-26.6,151.85,2013-03-04,0.1,24,25.7,25,18.4,25
-26.6,151.85,2013-03-05,0.7,24,24.6,25,18.2,25
-26.6,151.85,2013-03-06,1.8,24,25.7,25,17.2,25
-26.6,151.85,2013-03-07,1.1,24,24.4,25,17.1,25
-26.6,151.85,2013-03-08,0.1,24,24.7,25,16.0,25
-26.6,151.85,2013-03-09,0.3,24,24.4,25,17.3,25
-26.6,151.85,2013-03-10,0.3,24,25.3,25,16.0,25
-26.6,151.85,2013-03-11,1.9,24,23.8,25,16.7,25
-26.6,151.85,2013-03-12,0.8,24,25.0,25,15.9,25
-26.6,151.85,2013-03-13,0.0,24,25.7,25,14.3,25
-26.6,151.85,2013-03-14,0.3,24,27.6,25,11.8,25
-26.6,151.85,2013-03-15,0.0,24,26.9,25,13.9,25
-26.6,151.85,2013-03-16,0.0,24,29.3,25,14.0,25
-26.6,151.85,2013-03-17,0.0,24,31.4,25,16.0,25
-26.6,151.85,2013-03-18,0.0,24,24.0,25,16.9,25
-26.6,151.85,2013-03-19,0.0,24,23.2,25,15.0,25
-26.6,151.85,2013-03-20,3.3,24,21.8,25,16.0,25
-26.6,151.85,2013-03-21,1.0,24,23.4,25,16.8,25
-26.6,151.85,2013-03-22,0.2,24,27.8,25,16.5,25
-26.6,151.85,2013-03-23,0.2,24,30.6,25,17.6,25
-26.6,151.85,2013-03-24,0.0,24,29.7,25,19.8,25
-26.6,151.85,2013-03-25,10.4,24,29.1,25,18.4,25
-26.6,151.85,2013-03-26,0.0,24,26.9,25,16.5,25
-26.6,151.85,2013-03-27,0.0,24,25.8,25,15.3,25
-26.6,151.85,2013-03-28,1.8,24,26.0,25,14.6,25
-26.6,151.85,2013-03-29,0.2,24,28.2,25,12.7,25
-26.6,151.85,2013-03-30,0.0,24,25.0,25,18.4,25
-26.6,151.85,2013-03-31,0.0,24,24.8,25,14.6,25
-26.6,151.85,2013-04-01,14.6,24,24.7,25,13.6,25
-26.6,151.85,2013-04-02,0.0,24,26.1,25,11.8,25
-26.6,151.85,2013-04-03,0.0,24,26.9,25,12.6,25
-26.6,151.85,2013-04-04,0.0,24,23.8,25,14.2,25
-26.6,151.85,2013-04-05,0.1,24,23.4,25,14.5,25
-26.6,151.85,2013-04-06,0.0,24,21.8,25,13.3,25
-26.6,151.85,2013-04-07,0.0,24,22.1,25,15.0,25
-26.6,151.85,2013-04-08,0.0,24,24.2,25,12.5,25
-26.6,151.85,2013-04-09,0.3,24,23.7,25,13.2,25
-26.6,151.85,2013-04-10,0.0,24,22.4,25,13.8,25
-26.6,151.85,2013-04-11,0.8,24,21.9,25,13.7,25
-26.6,151.85,2013-04-12,2.2,24,21.6,25,15.3,25
-26.6,151.85,2013-04-13,2.0,24,20.2,25,15.8,25
-26.6,151.85,2013-04-14,5.5,24,25.1,25,11.3,25
-26.6,151.85,2013-04-15,0.0,24,25.8,25,12.8,25
-26.6,151.85,2013-04-16,0.0,24,26.3,25,13.2,25
-26.6,151.85,2013-04-17,0.3,24,27.4,25,15.0,25
-26.6,151.85,2013-04-18,7.1,24,26.7,25,13.3,25
-26.6,151.85,2013-04-19,0.0,24,25.2,25,6.6,25
-26.6,151.85,2013-04-20,0.0,24,22.7,25,5.6,25
-26.6,151.85,2013-04-21,0.0,24,23.0,25,2.8,25
-26.6,151.85,2013-04-22,0.0,24,26.0,25,6.0,25
-26.6,151.85,2013-04-23,0.0,24,28.7,25,10.8,25
-26.6,151.85,2013-04-24,0.0,24,26.3,25,7.7,25
-26.6,151.85,2013-04-25,0.2,24,25.4,25,8.6,25
-26.6,151.85,2013-04-26,0.0,24,24.8,25,5.6,25
-26.6,151.85,2013-04-27,0.0,24,23.5,25,9.2,25
-26.6,151.85,2013-04-28,0.0,24,24.9,25,7.0,25
-26.6,151.85,2013-04-29,0.0,24,25.0,25,7.2,25
-26.6,151.85,2013-04-30,0.1,24,24.9,25,9.5,25
-26.6,151.85,2013-05-01,0.0,24,24.4,25,8.6,25
-26.6,151.85,2013-05-02,0.2,24,26.3,25,8.6,25
-26.6,151.85,2013-05-03,0.0,24,21.8,25,13.7,25
-26.6,151.85,2013-05-04,0.0,24,25.7,25,5.4,25
-26.6,151.85,2013-05-05,0.0,24,24.3,25,6.1,25
-26.6,151.85,2013-05-06,0.0,24,22.3,25,11.6,25
-26.6,151.85,2013-05-07,0.0,24,22.1,25,10.8,25
-26.6,151.85,2013-05-08,0.0,24,21.0,25,10.1,25
-26.6,151.85,2013-05-09,0.0,24,21.8,25,9.0,25
-26.6,151.85,2013-05-10,0.0,24,20.6,25,11.2,25
-26.6,151.85,2013-05-11,0.2,24,21.9,25,8.4,25
-26.6,151.85,2013-05-12,2.8,24,21.5,25,10.6,25
-26.6,151.85,2013-05-13,0.0,24,22.3,25,10.0,25
-26.6,151.85,2013-05-14,5.6,24,20.8,25,14.3,25
-26.6,151.85,2013-05-15,0.0,24,19.1,25,7.9,25
-26.6,151.85,2013-05-16,0.2,24,13.5,25,9.0,25
-26.6,151.85,2013-05-17,2.6,24,20.2,25,6.9,25
-26.6,151.85,2013-05-18,0.2,24,19.7,25,2.5,25
-26.6,151.85,2013-05-19,0.0,24,17.4,25,1.2,25
-26.6,151.85,2013-05-20,0.0,24,19.8,25,0.4,25
-26.6,151.85,2013-05-21,0.0,24,17.8,25,1.5,25
-26.6,151.85,2013-05-22,0.0,24,14.4,25,8.8,25
-26.6,151.85,2013-05-23,21.3,24,18.2,25,7.6,25
-26.6,151.85,2013-05-24,0.0,24,16.4,25,3.8,25
-26.6,151.85,2013-05-25,0.0,24,20.3,25,7.2,25
-26.6,151.85,2013-05-26,0.0,24,20.2,25,3.6,25
-26.6,151.85,2013-05-27,0.0,24,21.6,25,3.7,25
-26.6,151.85,2013-05-28,0.0,24,20.8,25,7.8,25
-26.6,151.85,2013-05-29,0.8,24,18.1,25,12.2,25
-26.6,151.85,2013-05-30,4.4,24,20.3,25,11.9,25
-26.6,151.85,2013-05-31,1.0,24,19.9,25,12.7,25
-26.6,151.85,2013-06-01,1.1,24,18.4,25,9.9,25
-26.6,151.85,2013-06-02,0.5,24,22.4,25,13.2,25
-26.6,151.85,2013-06-03,1.4,24,18.4,25,9.2,25
-26.6,151.85,2013-06-04,0.0,24,19.4,25,2.3,25
-26.6,151.85,2013-06-05,0.0,24,18.9,25,3.1,25
-26.6,151.85,2013-06-06,0.0,24,21.0,25,9.9,25
-26.6,151.85,2013-06-07,0.0,24,21.9,25,9.3,25
-26.6,151.85,2013-06-08,0.0,24,20.6,25,6.5,25
-26.6,151.85,2013-06-09,0.8,24,16.4,25,14.0,25
-26.6,151.85,2013-06-10,2.8,24,20.2,25,12.6,25
-26.6,151.85,2013-06-11,0.3,24,20.4,25,14.2,25
-26.6,151.85,2013-06-12,0.1,24,21.6,25,13.8,25
-26.6,151.85,2013-06-13,4.8,24,21.2,25,14.9,25
-26.6,151.85,2013-06-14,0.1,24,18.2,25,5.5,25
-26.6,151.85,2013-06-15,0.0,24,15.8,25,3.5,25
-26.6,151.85,2013-06-16,0.0,24,18.0,25,2.2,25
-26.6,151.85,2013-06-17,0.2,24,16.9,25,1.0,25
-26.6,151.85,2013-06-18,0.0,24,16.5,25,-1.2,25
-26.6,151.85,2013-06-19,0.0,24,15.2,25,0.9,25
-26.6,151.85,2013-06-20,0.0,24,14.8,25,3.3,25
-26.6,151.85,2013-06-21,12.8,24,11.7,25,9.7,25
-26.6,151.85,2013-06-22,6.5,24,16.3,25,1.8,25
-26.6,151.85,2013-06-23,0.0,24,17.7,25,2.3,25
-26.6,151.85,2013-06-24,0.1,24,17.5,25,2.6,25
-26.6,151.85,2013-06-25,0.0,24,16.0,25,-2.0,25
-26.6,151.85,2013-06-26,0.0,24,16.8,25,1.9,25
-26.6,151.85,2013-06-27,0.0,24,16.5,25,1.6,25
-26.6,151.85,2013-06-28,0.2,24,19.6,25,9.3,25
-26.6,151.85,2013-06-29,0.0,24,17.4,25,9.7,25
-26.6,151.85,2013-06-30,0.0,24,18.2,25,9.4,25
-26.6,151.85,2013-07-01,0.0,24,15.6,25,7.3,25
-26.6,151.85,2013-07-02,0.4,24,20.5,25,10.8,25
-26.6,151.85,2013-07-03,0.0,24,20.6,25,6.1,25
-26.6,151.85,2013-07-04,0.0,24,21.2,25,7.1,25
-26.6,151.85,2013-07-05,0.2,24,22.8,25,12.2,25
-26.6,151.85,2013-07-06,0.0,24,23.4,25,5.4,25
-26.6,151.85,2013-07-07,0.0,24,21.0,25,7.2,25
-26.6,151.85,2013-07-08,0.0,24,20.0,25,7.7,25
-26.6,151.85,2013-07-09,0.0,24,18.3,25,2.9,25
-26.6,151.85,2013-07-10,0.0,24,14.7,25,8.4,25
-26.6,151.85,2013-07-11,0.6,24,19.0,25,10.7,25
-26.6,151.85,2013-07-12,0.0,24,19.3,25,7.0,25
-26.6,151.85,2013-07-13,0.2,24,18.6,25,5.4,25
-26.6,151.85,2013-07-14,0.0,24,19.5,25,4.2,25
-26.6,151.85,2013-07-15,0.0,24,18.1,25,9.5,25
-26.6,151.85,2013-07-16,2.7,24,19.5,25,9.4,25
-26.6,151.85,2013-07-17,1.8,24,20.5,25,8.3,25
-26.6,151.85,2013-07-18,0.7,24,20.3,25,8.3,25
-26.6,151.85,2013-07-19,0.1,24,20.4,25,9.1,25
-26.6,151.85,2013-07-20,0.7,24,19.8,25,14.2,25
-26.6,151.85,2013-07-21,3.5,24,20.6,25,8.4,25
-26.6,151.85,2013-07-22,0.2,24,18.5,25,9.6,25
-26.6,151.85,2013-07-23,7.2,24,15.8,25,7.3,25
-26.6,151.85,2013-07-24,0.0,24,17.1,25,1.1,25
-26.6,151.85,2013-07-25,0.0,24,19.3,25,3.4,25
-26.6,151.85,2013-07-26,0.0,24,19.4,25,4.1,25
-26.6,151.85,2013-07-27,0.0,24,19.4,25,2.8,25
-26.6,151.85,2013-07-28,0.2,24,18.1,25,5.3,25
-26.6,151.85,2013-07-29,0.1,24,19.6,25,9.8,25
-26.6,151.85,2013-07-30,0.0,24,18.7,25,10.7,25
-26.6,151.85,2013-07-31,0.5,24,20.0,25,3.6,25
-26.6,151.85,2013-08-01,0.0,24,20.5,25,3.3,25
-26.6,151.85,2013-08-02,0.0,24,21.6,25,4.1,25
-26.6,151.85,2013-08-03,0.2,24,20.3,25,4.1,25
-26.6,151.85,2013-08-04,0.0,24,20.4,25,-1.1,25
-26.6,151.85,2013-08-05,0.0,24,21.2,25,-0.2,25
-26.6,151.85,2013-08-06,0.0,24,22.5,25,-0.3,25
-26.6,151.85,2013-08-07,0.0,24,23.1,25,1.8,25
-26.6,151.85,2013-08-08,0.0,24,19.8,25,0.9,25
-26.6,151.85,2013-08-09,0.0,24,20.3,25,2.5,25
-26.6,151.85,2013-08-10,0.0,24,23.8,25,0.4,25
-26.6,151.85,2013-08-11,0.0,24,25.8,25,3.2,25
-26.6,151.85,2013-08-12,0.0,24,25.4,25,3.9,25
-26.6,151.85,2013-08-13,0.0,24,26.0,25,6.9,25
-26.6,151.85,2013-08-14,0.0,24,25.8,25,8.6,25
-26.6,151.85,2013-08-15,0.0,24,22.1,25,7.5,25
-26.6,151.85,2013-08-16,0.0,24,21.6,25,0.9,25
-26.6,151.85,2013-08-17,0.0,24,24.3,25,6.7,25
-26.6,151.85,2013-08-18,4.6,24,24.6,25,9.2,25
-26.6,151.85,2013-08-19,0.1,24,23.7,25,7.4,25
-26.6,151.85,2013-08-20,0.0,24,17.7,25,1.8,25
-26.6,151.85,2013-08-21,0.0,24,17.6,25,-1.3,25
-26.6,151.85,2013-08-22,0.0,24,19.6,25,-3.7,25
-26.6,151.85,2013-08-23,0.0,24,20.7,25,-2.8,25
-26.6,151.85,2013-08-24,0.0,24,22.8,25,0.1,25
-26.6,151.85,2013-08-25,0.0,24,23.4,25,2.3,25
-26.6,151.85,2013-08-26,0.0,24,23.4,25,5.9,25
-26.6,151.85,2013-08-27,0.0,24,25.2,25,4.7,25
-26.6,151.85,2013-08-28,0.0,24,26.9,25,4.7,25
-26.6,151.85,2013-08-29,0.0,24,24.6,25,7.3,25
-26.6,151.85,2013-08-30,0.0,24,25.1,25,7.3,25
-26.6,151.85,2013-08-31,0.0,24,27.8,25,8.0,25
-26.6,151.85,2013-09-01,0.0,24,26.2,25,9.0,25
-26.6,151.85,2013-09-02,0.0,24,23.1,25,7.8,25
-26.6,151.85,2013-09-03,0.0,24,22.0,25,8.9,25
-26.6,151.85,2013-09-04,0.0,24,22.0,25,5.4,25
-26.6,151.85,2013-09-05,0.0,24,22.6,25,3.8,25
-26.6,151.85,2013-09-06,0.0,24,25.4,25,2.2,25
-26.6,151.85,2013-09-07,0.0,24,25.8,25,4.1,25
-26.6,151.85,2013-09-08,0.0,24,26.7,25,5.9,25
-26.6,151.85,2013-09-09,0.0,24,24.9,25,4.6,25
-26.6,151.85,2013-09-10,0.0,24,24.4,25,12.9,25
-26.6,151.85,2013-09-11,0.0,24,31.2,25,7.9,25
-26.6,151.85,2013-09-12,0.0,24,31.9,25,7.9,25
-26.6,151.85,2013-09-13,0.0,24,29.3,25,10.8,25
-26.6,151.85,2013-09-14,0.0,24,31.3,25,12.3,25
-26.6,151.85,2013-09-15,0.0,24,31.1,25,7.5,25
-26.6,151.85,2013-09-16,1.2,24,22.0,25,15.8,25
-26.6,151.85,2013-09-17,34.4,24,26.4,25,13.6,25
-26.6,151.85,2013-09-18,0.0,24,26.7,25,7.3,25
-26.6,151.85,2013-09-19,0.0,24,31.2,25,7.1,25
-26.6,151.85,2013-09-20,0.0,24,24.9,25,8.3,25
-26.6,151.85,2013-09-21,0.0,24,25.6,25,4.7,25
-26.6,151.85,2013-09-22,0.0,24,26.2,25,8.8,25
-26.6,151.85,2013-09-23,0.0,24,27.1,25,6.1,25
-26.6,151.85,2013-09-24,0.0,24,30.1,25,8.2,25
-26.6,151.85,2013-09-25,0.0,24,32.6,25,11.6,25
-26.6,151.85,2013-09-26,0.0,24,35.7,25,13.6,25
-26.6,151.85,2013-09-27,0.0,24,29.7,25,11.7,25
-26.6,151.85,2013-09-28,0.2,24,23.9,25,16.1,25
-26.6,151.85,2013-09-29,2.0,24,31.3,25,10.1,25
-26.6,151.85,2013-09-30,0.1,24,29.0,25,14.7,25
-26.6,151.85,2013-10-01,0.0,24,29.9,25,15.7,25
-26.6,151.85,2013-10-02,9.2,24,28.2,25,13.6,25
-26.6,151.85,2013-10-03,0.0,24,28.1,25,13.4,25
-26.6,151.85,2013-10-04,0.0,24,23.1,25,4.4,25
-26.6,151.85,2013-10-05,0.0,24,27.1,25,4.2,25
-26.6,151.85,2013-10-06,0.0,24,31.1,25,6.8,25
-26.6,151.85,2013-10-07,0.0,24,34.1,25,8.9,25
-26.6,151.85,2013-10-08,0.0,24,28.0,25,12.1,25
-26.6,151.85,2013-10-09,0.0,24,26.2,25,10.4,25
-26.6,151.85,2013-10-10,0.0,24,29.8,25,7.7,25
-26.6,151.85,2013-10-11,0.0,24,32.7,25,9.8,25
-26.6,151.85,2013-10-12,0.0,24,30.5,25,16.5,25
-26.6,151.85,2013-10-13,0.0,24,31.8,25,15.1,25
-26.6,151.85,2013-10-14,0.0,24,24.9,25,17.1,25
-26.6,151.85,2013-10-15,0.0,24,27.1,25,3.7,25
-26.6,151.85,2013-10-16,0.0,24,26.9,25,9.3,25
-26.6,151.85,2013-10-17,0.0,24,29.2,25,8.9,25
-26.6,151.85,2013-10-18,0.5,24,27.1,25,14.2,25
-26.6,151.85,2013-10-19,0.8,24,25.8,25,12.7,25
-26.6,151.85,2013-10-20,0.0,24,28.2,25,11.4,25
-26.6,151.85,2013-10-21,0.0,24,29.1,25,12.3,25
-26.6,151.85,2013-10-22,0.0,24,30.2,25,12.7,25
-26.6,151.85,2013-10-23,0.0,24,31.7,25,14.7,25
-26.6,151.85,2013-10-24,0.0,24,31.6,25,14.7,25
-26.6,151.85,2013-10-25,0.0,24,26.9,25,10.7,25
-26.6,151.85,2013-10-26,0.0,24,29.4,25,13.3,25
-26.6,151.85,2013-10-27,0.0,24,28.8,25,6.8,25
-26.6,151.85,2013-10-28,0.0,24,29.8,25,11.9,25
-26.6,151.85,2013-10-29,0.0,24,29.9,25,16.8,25
-26.6,151.85,2013-10-30,19.9,24,28.8,25,14.6,25
-26.6,151.85,2013-10-31,0.0,24,27.1,25,15.2,25
-26.6,151.85,2013-11-01,0.0,24,26.3,25,13.4,25
-26.6,151.85,2013-11-02,0.0,24,28.2,25,8.9,25
-26.6,151.85,2013-11-03,0.0,24,32.5,25,10.8,25
-26.6,151.85,2013-11-04,0.0,24,33.4,25,13.2,25
-26.6,151.85,2013-11-05,0.0,24,25.5,25,14.4,25
-26.6,151.85,2013-11-06,0.0,24,25.6,25,11.7,25
-26.6,151.85,2013-11-07,0.0,24,29.1,25,8.1,25
-26.6,151.85,2013-11-08,0.0,24,31.3,25,9.2,25
-26.6,151.85,2013-11-09,0.0,24,32.8,25,10.6,25
-26.6,151.85,2013-11-10,0.0,24,32.0,25,14.5,25
-26.6,151.85,2013-11-11,9.9,24,25.8,25,14.7,25
-26.6,151.85,2013-11-12,0.8,24,29.8,25,17.0,25
-26.6,151.85,2013-11-13,10.5,24,29.0,25,17.0,25
-26.6,151.85,2013-11-14,7.8,24,27.0,25,17.3,25
-26.6,151.85,2013-11-15,10.9,24,30.8,25,13.3,25
-26.6,151.85,2013-11-16,1.1,24,32.3,25,14.4,25
-26.6,151.85,2013-11-17,0.0,24,26.2,25,16.1,25
-26.6,151.85,2013-11-18,7.7,24,26.7,25,13.6,25
-26.6,151.85,2013-11-19,0.5,24,30.1,25,9.1,25
-26.6,151.85,2013-11-20,0.0,24,32.4,25,10.4,25
-26.6,151.85,2013-11-21,0.0,24,32.0,25,13.6,25
-26.6,151.85,2013-11-22,0.0,24,28.4,25,16.9,25
-26.6,151.85,2013-11-23,2.1,24,30.3,25,18.1,25
-26.6,151.85,2013-11-24,27.6,24,31.1,25,16.7,25
-26.6,151.85,2013-11-25,1.4,24,32.0,25,12.2,25
-26.6,151.85,2013-11-26,0.2,24,28.8,25,17.0,25
-26.6,151.85,2013-11-27,0.0,24,27.9,25,13.8,25
-26.6,151.85,2013-11-28,0.0,24,30.6,25,12.6,25
-26.6,151.85,2013-11-29,0.0,24,31.5,25,14.9,25
-26.6,151.85,2013-11-30,11.4,24,21.9,25,18.3,25
-26.6,151.85,2013-12-01,1.4,24,25.0,25,11.8,25
-26.6,151.85,2013-12-02,0.0,24,26.3,25,11.3,25
-26.6,151.85,2013-12-03,0.0,24,28.6,25,11.5,25
-26.6,151.85,2013-12-04,0.0,24,30.6,25,11.3,25
-26.6,151.85,2013-12-05,0.0,24,33.7,25,16.0,25
-26.6,151.85,2013-12-06,0.0,24,28.2,25,13.3,25
-26.6,151.85,2013-12-07,0.0,24,29.0,25,9.8,25
-26.6,151.85,2013-12-08,0.0,24,29.2,25,12.1,25
-26.6,151.85,2013-12-09,0.0,24,30.7,25,11.7,25
-26.6,151.85,2013-12-10,0.0,24,34.2,25,15.4,25
-26.6,151.85,2013-12-11,0.1,24,28.4,25,18.7,25
-26.6,151.85,2013-12-12,6.8,24,23.2,25,19.2,25
-26.6,151.85,2013-12-13,3.8,24,29.7,25,15.4,25
-26.6,151.85,2013-12-14,0.0,24,31.8,25,15.5,25
-26.6,151.85,2013-12-15,0.0,24,32.8,25,17.3,25
-26.6,151.85,2013-12-16,4.6,24,30.2,25,17.7,25
-26.6,151.85,2013-12-17,4.4,24,27.5,25,16.8,25
-26.6,151.85,2013-12-18,0.0,24,28.4,25,15.2,25
-26.6,151.85,2013-12-19,0.0,24,27.1,25,12.3,25
-26.6,151.85,2013-12-20,0.0,24,29.3,25,11.2,25
-26.6,151.85,2013-12-21,0.0,24,32.3,25,11.4,25
-26.6,151.85,2013-12-22,0.0,24,31.4,25,14.2,25
-26.6,151.85,2013-12-23,0.0,24,32.6,25,13.2,25
-26.6,151.85,2013-12-24,0.0,24,34.3,25,15.8,25
-26.6,151.85,2013-12-25,0.0,24,32.4,25,16.5,25
-26.6,151.85,2013-12-26,0.0,24,33.9,25,17.9,25
-26.6,151.85,2013-12-27,0.0,24,35.5,25,18.7,25
-26.6,151.85,2013-12-28,0.2,24,34.8,25,19.8,25
-26.6,151.85,2013-12-29,0.1,24,38.9,25,17.5,25
-26.6,151.85,2013-12-30,0.0,24,34.6,25,20.2,25
-26.6,151.85,2013-12-31,1.2,24,32.4,25,21.0,25
-26.6,151.85,2014-01-01,5.0,24,32.2,25,20.2,25
-26.6,151.85,2014-01-02,0.0,24,35.1,25,15.3,25
-26.6,151.85,2014-01-03,0.0,24,39.5,25,19.7,25
-26.6,151.85,2014-01-04,4.8,24,40.9,25,22.0,25
-26.6,151.85,2014-01-05,0.0,24,34.8,25,22.0,25
-26.6,151.85,2014-01-06,1.1,24,36.2,25,21.5,25
-26.6,151.85,2014-01-07,0.2,24,29.9,25,18.9,25
-26.6,151.85,2014-01-08,0.1,24,27.5,25,18.2,25
-26.6,151.85,2014-01-09,0.0,24,28.2,25,17.5,25
-26.6,151.85,2014-01-10,0.0,24,26.1,25,15.4,25
-26.6,151.85,2014-01-11,1.0,24,30.2,25,15.5,25
-26.6,151.85,2014-01-12,0.0,24,31.3,25,14.2,25
-26.6,151.85,2014-01-13,0.0,24,29.1,25,14.1,25
-26.6,151.85,2014-01-14,0.0,24,29.6,25,13.8,25
-26.6,151.85,2014-01-15,0.5,24,30.3,25,16.4,25
-26.6,151.85,2014-01-16,0.0,24,30.1,25,15.5,25
-26.6,151.85,2014-01-17,0.2,24,30.8,25,18.1,25
-26.6,151.85,2014-01-18,0.0,24,30.6,25,15.0,25
-26.6,151.85,2014-01-19,0.0,24,33.9,25,13.2,25
-26.6,151.85,2014-01-20,0.0,24,36.9,25,17.5,25
-26.6,151.85,2014-01-21,0.0,24,38.6,25,18.6,25
-26.6,151.85,2014-01-22,2.5,24,37.9,25,21.4,25
-26.6,151.85,2014-01-23,9.9,24,30.3,25,21.1,25
-26.6,151.85,2014-01-24,0.8,24,30.5,25,18.8,25
-26.6,151.85,2014-01-25,5.4,24,28.2,25,19.7,25
-26.6,151.85,2014-01-26,5.1,24,27.7,25,18.0,25
-26.6,151.85,2014-01-27,0.0,24,27.5,25,16.2,25
-26.6,151.85,2014-01-28,0.0,24,27.1,25,16.1,25
-26.6,151.85,2014-01-29,0.5,24,27.2,25,16.2,25
-26.6,151.85,2014-01-30,0.1,24,27.9,25,17.1,25
-26.6,151.85,2014-01-31,0.0,24,25.3,25,18.5,25
-26.6,151.85,2014-02-01,0.0,24,27.2,25,18.6,25
-26.6,151.85,2014-02-02,0.0,24,29.8,25,16.1,25
-26.6,151.85,2014-02-03,0.0,24,29.1,25,16.7,25
-26.6,151.85,2014-02-04,0.0,24,30.5,25,12.4,25
-26.6,151.85,2014-02-05,0.0,24,29.5,25,15.6,25
-26.6,151.85,2014-02-06,0.8,24,26.9,25,15.4,25
-26.6,151.85,2014-02-07,0.0,24,27.9,25,16.2,25
-26.6,151.85,2014-02-08,0.0,24,30.8,25,14.0,25
-26.6,151.85,2014-02-09,0.0,24,29.3,25,19.8,25
-26.6,151.85,2014-02-10,0.2,24,31.2,25,19.6,25
-26.6,151.85,2014-02-11,0.0,24,30.1,25,13.1,25
-26.6,151.85,2014-02-12,0.0,24,31.9,25,12.8,25
-26.6,151.85,2014-02-13,0.0,24,32.4,25,14.8,25
-26.6,151.85,2014-02-14,0.0,24,34.0,25,16.5,25
-26.6,151.85,2014-02-15,0.0,24,36.9,25,19.5,25
-26.6,151.85,2014-02-16,0.0,24,35.8,25,20.5,25
-26.6,151.85,2014-02-17,0.0,24,35.1,25,19.2,25
-26.6,151.85,2014-02-18,3.0,24,34.2,25,20.4,25
-26.6,151.85,2014-02-19,0.2,24,33.4,25,19.3,25
-26.6,151.85,2014-02-20,0.0,24,33.4,25,21.6,25
-26.6,151.85,2014-02-21,0.0,24,35.7,25,22.0,25
-26.6,151.85,2014-02-22,0.0,24,26.0,25,20.5,25
-26.6,151.85,2014-02-23,0.0,24,28.0,25,17.6,25
-26.6,151.85,2014-02-24,0.0,24,28.6,25,15.9,25
-26.6,151.85,2014-02-25,0.0,24,29.7,25,14.1,25
-26.6,151.85,2014-02-26,0.0,24,30.7,25,13.6,25
-26.6,151.85,2014-02-27,0.0,24,31.3,25,13.3,25
-26.6,151.85,2014-02-28,0.0,24,29.6,25,15.0,25
-26.6,151.85,2014-03-01,0.0,24,30.4,25,14.9,25
-26.6,151.85,2014-03-02,0.0,24,31.1,25,14.0,25
-26.6,151.85,2014-03-03,0.0,24,29.0,25,18.1,25
-26.6,151.85,2014-03-04,0.0,24,27.1,25,16.8,25
-26.6,151.85,2014-03-05,0.9,24,26.9,25,14.3,25
-26.6,151.85,2014-03-06,0.0,24,29.7,25,12.0,25
-26.6,151.85,2014-03-07,0.0,24,28.7,25,12.5,25
-26.6,151.85,2014-03-08,0.0,24,28.7,25,13.3,25
-26.6,151.85,2014-03-09,0.0,24,28.7,25,16.3,25
-26.6,151.85,2014-03-10,0.0,24,27.0,25,17.1,25
-26.6,151.85,2014-03-11,0.0,24,25.9,25,15.1,25
-26.6,151.85,2014-03-12,0.3,24,29.3,25,13.3,25
-26.6,151.85,2014-03-13,0.0,24,29.0,25,12.1,25
-26.6,151.85,2014-03-14,0.0,24,29.1,25,12.4,25
-26.6,151.85,2014-03-15,17.0,24,30.6,25,13.4,25
-26.6,151.85,2014-03-16,0.2,24,33.4,25,15.3,25
-26.6,151.85,2014-03-17,1.2,24,34.2,25,16.6,25
-26.6,151.85,2014-03-18,0.0,24,33.4,25,20.8,25
-26.6,151.85,2014-03-19,0.7,24,31.3,25,18.9,25
-26.6,151.85,2014-03-20,0.1,24,28.9,25,18.7,25
-26.6,151.85,2014-03-21,0.0,24,29.2,25,16.3,25
-26.6,151.85,2014-03-22,0.2,24,29.5,25,15.0,25
-26.6,151.85,2014-03-23,0.0,24,30.5,25,13.6,25
-26.6,151.85,2014-03-24,0.0,24,27.6,25,16.2,25
-26.6,151.85,2014-03-25,2.1,24,24.2,25,18.2,25
-26.6,151.85,2014-03-26,13.5,24,22.8,25,18.1,25
-26.6,151.85,2014-03-27,40.8,24,21.5,25,18.7,25
-26.6,151.85,2014-03-28,32.7,24,27.6,25,18.9,25
-26.6,151.85,2014-03-29,0.3,24,30.2,25,19.1,25
-26.6,151.85,2014-03-30,0.1,24,27.3,25,19.5,25
-26.6,151.85,2014-03-31,5.7,24,28.3,25,18.1,25
-26.6,151.85,2014-04-01,0.0,24,27.7,25,17.5,25
-26.6,151.85,2014-04-02,0.0,24,27.9,25,15.3,25
-26.6,151.85,2014-04-03,0.0,24,28.0,25,15.6,25
-26.6,151.85,2014-04-04,0.0,24,28.3,25,14.5,25
-26.6,151.85,2014-04-05,0.0,24,28.8,25,15.8,25
-26.6,151.85,2014-04-06,0.0,24,29.1,25,16.8,25
-26.6,151.85,2014-04-07,6.1,24,24.7,25,16.6,25
-26.6,151.85,2014-04-08,0.0,24,25.0,25,12.5,25
-26.6,151.85,2014-04-09,0.5,24,25.0,25,15.4,25
-26.6,151.85,2014-04-10,0.0,24,25.4,25,11.2,25
-26.6,151.85,2014-04-11,0.0,24,28.0,25,11.8,25
-26.6,151.85,2014-04-12,0.0,24,29.4,25,17.8,25
-26.6,151.85,2014-04-13,0.5,24,20.2,25,16.4,25
-26.6,151.85,2014-04-14,47.9,24,21.9,25,17.4,25
-26.6,151.85,2014-04-15,0.1,24,23.3,25,14.6,25
-26.6,151.85,2014-04-16,0.2,24,25.0,25,11.1,25
-26.6,151.85,2014-04-17,0.9,24,25.6,25,11.2,25
-26.6,151.85,2014-04-18,0.0,24,25.1,25,8.7,25
-26.6,151.85,2014-04-19,0.0,24,25.4,25,6.9,25
-26.6,151.85,2014-04-20,0.0,24,26.5,25,7.2,25
-26.6,151.85,2014-04-21,0.0,24,26.6,25,9.1,25
-26.6,151.85,2014-04-22,0.0,24,25.3,25,9.7,25
-26.6,151.85,2014-04-23,0.0,24,25.4,25,11.0,25
-26.6,151.85,2014-04-24,0.0,24,26.2,25,10.5,25
-26.6,151.85,2014-04-25,0.0,24,26.2,25,9.7,25
-26.6,151.85,2014-04-26,0.0,24,25.1,25,11.5,25
-26.6,151.85,2014-04-27,0.0,24,26.5,25,11.5,25
-26.6,151.85,2014-04-28,0.0,24,22.4,25,15.2,25
-26.6,151.85,2014-04-29,0.0,24,23.8,25,11.7,25
-26.6,151.85,2014-04-30,0.0,24,25.0,25,7.8,25
-26.6,151.85,2014-05-01,5.2,24,24.8,25,15.7,25
-26.6,151.85,2014-05-02,11.1,24,22.6,25,15.9,25
-26.6,151.85,2014-05-03,0.7,24,16.9,25,9.0,25
-26.6,151.85,2014-05-04,0.0,24,16.8,25,0.7,25
-26.6,151.85,2014-05-05,0.0,24,19.0,25,1.6,25
-26.6,151.85,2014-05-06,0.0,24,18.3,25,1.1,25
-26.6,151.85,2014-05-07,0.0,24,20.2,25,6.4,25
-26.6,151.85,2014-05-08,0.0,24,19.5,25,7.8,25
-26.6,151.85,2014-05-09,0.2,24,21.3,25,11.1,25
-26.6,151.85,2014-05-10,0.0,24,21.0,25,10.2,25
-26.6,151.85,2014-05-11,0.2,24,22.8,25,7.5,25
-26.6,151.85,2014-05-12,0.0,24,22.9,25,5.8,25
-26.6,151.85,2014-05-13,0.0,24,21.7,25,7.4,25
-26.6,151.85,2014-05-14,0.0,24,21.9,25,9.7,25
-26.6,151.85,2014-05-15,0.0,24,22.0,25,12.8,25
-26.6,151.85,2014-05-16,0.0,24,22.5,25,11.8,25
-26.6,151.85,2014-05-17,0.0,24,21.8,25,7.7,25
-26.6,151.85,2014-05-18,0.1,24,20.2,25,11.2,25
-26.6,151.85,2014-05-19,0.0,24,21.6,25,6.1,25
-26.6,151.85,2014-05-20,0.2,24,21.5,25,6.8,25
-26.6,151.85,2014-05-21,0.0,24,22.8,25,7.2,25
-26.6,151.85,2014-05-22,0.0,24,21.6,25,10.8,25
-26.6,151.85,2014-05-23,0.2,24,23.5,25,12.5,25
-26.6,151.85,2014-05-24,1.7,24,23.5,25,11.8,25
-26.6,151.85,2014-05-25,0.0,24,25.4,25,5.8,25
-26.6,151.85,2014-05-26,0.0,24,25.3,25,5.9,25
-26.6,151.85,2014-05-27,0.0,24,23.2,25,7.3,25
-26.6,151.85,2014-05-28,0.2,24,24.6,25,9.2,25
-26.6,151.85,2014-05-29,0.0,24,26.0,25,7.8,25
-26.6,151.85,2014-05-30,1.7,24,17.9,25,12.2,25
-26.6,151.85,2014-05-31,3.7,24,20.5,25,12.5,25
-26.6,151.85,2014-06-01,0.0,24,22.4,25,10.1,25
-26.6,151.85,2014-06-02,0.3,24,24.5,25,12.3,25
-26.6,151.85,2014-06-03,2.6,24,23.6,25,11.6,25
-26.6,151.85,2014-06-04,0.0,24,23.2,25,9.3,25
-26.6,151.85,2014-06-05,0.0,24,23.0,25,10.8,25
-26.6,151.85,2014-06-06,0.0,24,21.8,25,8.1,25
-26.6,151.85,2014-06-07,0.0,24,21.5,25,6.8,25
-26.6,151.85,2014-06-08,0.2,24,19.6,25,7.0,25
-26.6,151.85,2014-06-09,0.0,24,19.1,25,8.7,25
-26.6,151.85,2014-06-10,0.0,24,20.2,25,7.4,25
-26.6,151.85,2014-06-11,0.0,24,18.0,25,8.0,25
-26.6,151.85,2014-06-12,0.0,24,19.1,25,5.2,25
-26.6,151.85,2014-06-13,0.4,24,18.9,25,7.3,25
-26.6,151.85,2014-06-14,5.5,24,16.4,25,9.7,25
-26.6,151.85,2014-06-15,3.8,24,15.8,25,3.9,25
-26.6,151.85,2014-06-16,0.1,24,15.9,25,2.1,25
-26.6,151.85,2014-06-17,0.0,24,19.3,25,0.2,25
-26.6,151.85,2014-06-18,0.0,24,19.9,25,2.3,25
-26.6,151.85,2014-06-19,0.0,24,20.2,25,4.3,25
-26.6,151.85,2014-06-20,0.3,24,20.2,25,10.6,25
-26.6,151.85,2014-06-21,0.6,24,23.0,25,10.3,25
-26.6,151.85,2014-06-22,1.3,24,21.5,25,6.5,25
-26.6,151.85,2014-06-23,0.2,24,22.0,25,2.0,25
-26.6,151.85,2014-06-24,0.0,24,18.2,25,4.5,25
-26.6,151.85,2014-06-25,0.0,24,17.7,25,5.8,25
-26.6,151.85,2014-06-26,0.0,24,21.2,25,-0.7,25
-26.6,151.85,2014-06-27,0.0,24,22.4,25,-2.9,25
-26.6,151.85,2014-06-28,0.0,24,22.2,25,7.4,25
-26.6,151.85,2014-06-29,6.6,24,15.6,25,4.8,25
-26.6,151.85,2014-06-30,0.0,24,14.9,25,-0.8,25
-26.6,151.85,2014-07-01,0.0,24,16.6,25,2.5,25
-26.6,151.85,2014-07-02,0.0,24,19.3,25,-2.0,25
-26.6,151.85,2014-07-03,0.3,24,19.4,25,-2.1,25
-26.6,151.85,2014-07-04,1.0,24,19.4,25,5.6,25
-26.6,151.85,2014-07-05,2.2,24,21.7,25,8.2,25
-26.6,151.85,2014-07-06,0.0,24,17.0,25,-0.2,25
-26.6,151.85,2014-07-07,0.0,24,15.9,25,-0.1,25
-26.6,151.85,2014-07-08,0.0,24,19.2,25,-3.3,25
-26.6,151.85,2014-07-09,0.0,24,20.7,25,-3.4,25
-26.6,151.85,2014-07-10,0.0,24,16.1,25,2.0,25
-26.6,151.85,2014-07-11,0.0,24,18.7,25,-2.3,25
-26.6,151.85,2014-07-12,0.0,24,19.1,25,-4.3,25
-26.6,151.85,2014-07-13,0.0,24,18.0,25,-2.1,25
-26.6,151.85,2014-07-14,0.0,24,18.1,25,1.4,25
-26.6,151.85,2014-07-15,0.0,24,19.3,25,5.6,25
-26.6,151.85,2014-07-16,0.4,24,20.6,25,5.8,25
-26.6,151.85,2014-07-17,1.1,24,18.3,25,4.2,25
-26.6,151.85,2014-07-18,0.0,24,14.6,25,2.5,25
-26.6,151.85,2014-07-19,0.0,24,15.5,25,1.7,25
-26.6,151.85,2014-07-20,0.0,24,19.1,25,-1.0,25
-26.6,151.85,2014-07-21,0.0,24,20.1,25,0.9,25
-26.6,151.85,2014-07-22,0.0,24,20.3,25,3.7,25
-26.6,151.85,2014-07-23,0.1,24,19.4,25,3.2,25
-26.6,151.85,2014-07-24,0.0,24,21.2,25,5.5,25
-26.6,151.85,2014-07-25,0.0,24,22.2,25,5.1,25
-26.6,151.85,2014-07-26,0.0,24,19.5,25,9.5,25
-26.6,151.85,2014-07-27,2.5,24,20.9,25,5.6,25
-26.6,151.85,2014-07-28,0.0,24,20.6,25,-1.0,25
-26.6,151.85,2014-07-29,0.0,24,22.8,25,-0.6,25
-26.6,151.85,2014-07-30,0.0,24,23.4,25,0.4,25
-26.6,151.85,2014-07-31,0.0,24,23.0,25,0.8,25
-26.6,151.85,2014-08-01,0.0,24,25.1,25,5.9,25
-26.6,151.85,2014-08-02,0.0,24,17.4,25,6.2,25
-26.6,151.85,2014-08-03,0.0,24,18.6,25,-1.1,25
-26.6,151.85,2014-08-04,0.0,24,17.9,25,10.4,25
-26.6,151.85,2014-08-05,0.0,24,20.1,25,5.1,25
-26.6,151.85,2014-08-06,0.0,24,19.9,25,2.5,25
-26.6,151.85,2014-08-07,0.0,24,21.1,25,1.4,25
-26.6,151.85,2014-08-08,0.0,24,20.6,25,0.9,25
-26.6,151.85,2014-08-09,0.0,24,21.0,25,3.8,25
-26.6,151.85,2014-08-10,0.0,24,22.2,25,6.6,25
-26.6,151.85,2014-08-11,0.0,24,22.6,25,4.8,25
-26.6,151.85,2014-08-12,0.0,24,20.8,25,6.6,25
-26.6,151.85,2014-08-13,0.3,24,20.4,25,6.9,25
-26.6,151.85,2014-08-14,0.0,24,18.9,25,7.1,25
-26.6,151.85,2014-08-15,0.0,24,18.2,25,8.8,25
-26.6,151.85,2014-08-16,3.6,24,15.7,25,11.0,25
-26.6,151.85,2014-08-17,29.0,24,18.0,25,8.2,25
-26.6,151.85,2014-08-18,0.0,24,17.0,25,6.5,25
-26.6,151.85,2014-08-19,0.0,24,18.9,25,6.3,25
-26.6,151.85,2014-08-20,0.0,24,21.0,25,2.8,25
-26.6,151.85,2014-08-21,0.0,24,20.3,25,6.7,25
-26.6,151.85,2014-08-22,4.7,24,14.5,25,10.8,25
-26.6,151.85,2014-08-23,3.0,24,16.4,25,11.5,25
-26.6,151.85,2014-08-24,0.5,24,19.8,25,10.2,25
-26.6,151.85,2014-08-25,0.0,24,21.2,25,5.0,25
-26.6,151.85,2014-08-26,0.0,24,22.5,25,4.6,25
-26.6,151.85,2014-08-27,2.7,24,18.3,25,7.7,25
-26.6,151.85,2014-08-28,4.3,24,21.4,25,7.8,25
-26.6,151.85,2014-08-29,0.0,24,21.2,25,4.3,25
-26.6,151.85,2014-08-30,0.0,24,22.3,25,0.8,25
-26.6,151.85,2014-08-31,0.0,24,23.8,25,4.2,25
-26.6,151.85,2014-09-01,0.0,24,24.1,25,5.1,25
-26.6,151.85,2014-09-02,0.0,24,25.9,25,6.6,25
-26.6,151.85,2014-09-03,0.0,24,18.3,25,7.5,25
-26.6,151.85,2014-09-04,0.0,24,20.1,25,0.6,25
-26.6,151.85,2014-09-05,0.0,24,21.9,25,-1.0,25
-26.6,151.85,2014-09-06,0.0,24,20.9,25,2.7,25
-26.6,151.85,2014-09-07,0.0,24,20.8,25,8.1,25
-26.6,151.85,2014-09-08,0.3,24,19.7,25,11.3,25
-26.6,151.85,2014-09-09,0.0,24,23.1,25,8.4,25
-26.6,151.85,2014-09-10,0.0,24,26.6,25,9.6,25
-26.6,151.85,2014-09-11,0.0,24,26.5,25,4.7,25
-26.6,151.85,2014-09-12,0.0,24,26.3,25,3.2,25
-26.6,151.85,2014-09-13,0.0,24,21.8,25,10.8,25
-26.6,151.85,2014-09-14,0.0,24,23.8,25,7.3,25
-26.6,151.85,2014-09-15,0.0,24,25.5,25,5.5,25
-26.6,151.85,2014-09-16,0.0,24,28.4,25,7.1,25
-26.6,151.85,2014-09-17,0.0,24,26.9,25,6.5,25
-26.6,151.85,2014-09-18,0.0,24,24.0,25,5.5,25
-26.6,151.85,2014-09-19,0.0,24,25.0,25,1.3,25
-26.6,151.85,2014-09-20,0.0,24,24.4,25,6.6,25
-26.6,151.85,2014-09-21,0.1,24,21.0,25,11.1,25
-26.6,151.85,2014-09-22,1.6,24,19.0,25,12.2,25
-26.6,151.85,2014-09-23,0.9,24,22.3,25,12.4,25
-26.6,151.85,2014-09-24,0.0,24,24.0,25,7.3,25
-26.6,151.85,2014-09-25,0.0,24,25.7,25,11.9,25
-26.6,151.85,2014-09-26,1.0,24,25.1,25,7.7,25
-26.6,151.85,2014-09-27,0.0,24,26.0,25,6.8,25
-26.6,151.85,2014-09-28,0.0,24,24.7,25,11.7,25
-26.6,151.85,2014-09-29,0.0,24,26.9,25,6.5,25
-26.6,151.85,2014-09-30,0.0,24,28.5,25,7.5,25
-26.6,151.85,2014-10-01,0.0,24,31.5,25,10.2,25
-26.6,151.85,2014-10-02,0.0,24,25.7,25,13.8,25
-26.6,151.85,2014-10-03,0.0,24,27.5,25,8.7,25
-26.6,151.85,2014-10-04,0.0,24,25.8,25,10.5,25
-26.6,151.85,2014-10-05,0.0,24,27.6,25,9.4,25
-26.6,151.85,2014-10-06,0.0,24,28.6,25,8.5,25
-26.6,151.85,2014-10-07,0.0,24,29.9,25,6.4,25
-26.6,151.85,2014-10-08,0.0,24,34.1,25,11.5,25
-26.6,151.85,2014-10-09,0.0,24,25.9,25,15.9,25
-26.6,151.85,2014-10-10,0.0,24,27.1,25,10.8,25
-26.6,151.85,2014-10-11,0.3,24,27.0,25,13.4,25
-26.6,151.85,2014-10-12,0.6,24,27.5,25,13.5,25
-26.6,151.85,2014-10-13,0.1,24,28.7,25,10.7,25
-26.6,151.85,2014-10-14,6.4,24,23.5,25,15.1,25
-26.6,151.85,2014-10-15,0.2,24,22.6,25,2.5,25
-26.6,151.85,2014-10-16,0.0,24,26.2,25,4.5,25
-26.6,151.85,2014-10-17,0.0,24,28.2,25,8.8,25
-26.6,151.85,2014-10-18,0.0,24,26.4,25,11.9,25
-26.6,151.85,2014-10-19,0.0,24,26.7,25,12.0,25
-26.6,151.85,2014-10-20,0.0,24,29.1,25,8.3,25
-26.6,151.85,2014-10-21,0.0,24,25.1,25,10.3,25
-26.6,151.85,2014-10-22,0.0,24,25.1,25,12.4,25
-26.6,151.85,2014-10-23,0.0,24,29.6,25,6.9,25
-26.6,151.85,2014-10-24,0.0,24,30.4,25,10.8,25
-26.6,151.85,2014-10-25,0.0,24,32.5,25,11.8,25
-26.6,151.85,2014-10-26,0.0,24,35.5,25,13.2,25
-26.6,151.85,2014-10-27,0.4,24,37.1,25,15.9,25
-26.6,151.85,2014-10-28,3.0,24,37.7,25,15.8,25
-26.6,151.85,2014-10-29,0.0,24,35.3,25,13.2,25
-26.6,151.85,2014-10-30,0.0,24,32.2,25,16.6,25
-26.6,151.85,2014-10-31,0.0,24,33.0,25,17.6,25
-26.6,151.85,2014-11-01,0.0,24,33.2,25,17.2,25
-26.6,151.85,2014-11-02,0.0,24,32.9,25,16.8,25
-26.6,151.85,2014-11-03,0.0,24,22.5,25,17.8,25
-26.6,151.85,2014-11-04,0.0,24,26.7,25,13.0,25
-26.6,151.85,2014-11-05,0.0,24,29.2,25,11.3,25
-26.6,151.85,2014-11-06,4.5,24,31.7,25,13.5,25
-26.6,151.85,2014-11-07,0.3,24,32.3,25,16.2,25
-26.6,151.85,2014-11-08,0.0,24,30.5,25,16.6,25
-26.6,151.85,2014-11-09,0.0,24,32.7,25,12.0,25
-26.6,151.85,2014-11-10,0.0,24,32.0,25,14.3,25
-26.6,151.85,2014-11-11,0.0,24,32.7,25,16.0,25
-26.6,151.85,2014-11-12,0.0,24,32.9,25,14.7,25
-26.6,151.85,2014-11-13,0.0,24,33.1,25,15.9,25
-26.6,151.85,2014-11-14,0.0,24,34.7,25,16.6,25
-26.6,151.85,2014-11-15,0.0,24,38.4,25,16.9,25
-26.6,151.85,2014-11-16,0.0,24,38.5,25,20.0,25
-26.6,151.85,2014-11-17,0.0,24,37.3,25,17.5,25
-26.6,151.85,2014-11-18,0.0,24,32.3,25,19.2,25
-26.6,151.85,2014-11-19,0.0,24,30.5,25,18.8,25
-26.6,151.85,2014-11-20,27.1,24,30.1,25,15.9,25
-26.6,151.85,2014-11-21,0.0,24,32.9,25,19.7,25
-26.6,151.85,2014-11-22,0.0,24,35.1,25,20.3,25
-26.6,151.85,2014-11-23,0.0,24,34.5,25,21.4,25
-26.6,151.85,2014-11-24,0.0,24,33.3,25,19.2,25
-26.6,151.85,2014-11-25,0.0,24,34.4,25,17.6,25
-26.6,151.85,2014-11-26,0.0,24,31.9,25,20.3,25
-26.6,151.85,2014-11-27,0.0,24,32.2,25,17.1,25
-26.6,151.85,2014-11-28,14.1,24,26.7,25,17.7,25
-26.6,151.85,2014-11-29,0.0,24,28.2,25,16.6,25
-26.6,151.85,2014-11-30,0.0,24,29.1,25,11.4,25
-26.6,151.85,2014-12-01,0.0,24,29.6,25,12.3,25
-26.6,151.85,2014-12-02,0.0,24,29.2,25,16.5,25
-26.6,151.85,2014-12-03,0.0,24,32.0,25,14.0,25
-26.6,151.85,2014-12-04,0.0,24,30.6,25,19.2,25
-26.6,151.85,2014-12-05,0.0,24,30.4,25,18.9,25
-26.6,151.85,2014-12-06,44.4,24,25.6,25,17.4,25
-26.6,151.85,2014-12-07,1.3,24,31.4,25,17.2,25
-26.6,151.85,2014-12-08,0.0,24,29.1,25,21.8,25
-26.6,151.85,2014-12-09,0.8,24,31.1,25,18.2,25
-26.6,151.85,2014-12-10,6.4,24,31.6,25,16.7,25
-26.6,151.85,2014-12-11,0.0,24,32.3,25,21.7,25
-26.6,151.85,2014-12-12,11.6,24,23.8,25,19.5,25
-26.6,151.85,2014-12-13,2.1,24,20.8,25,15.9,25
-26.6,151.85,2014-12-14,1.9,24,25.9,25,14.3,25
-26.6,151.85,2014-12-15,0.4,24,29.0,25,12.2,25
-26.6,151.85,2014-12-16,0.0,24,32.8,25,14.3,25
-26.6,151.85,2014-12-17,0.0,24,35.7,25,20.7,25
-26.6,151.85,2014-12-18,14.5,24,33.9,25,16.1,25
-26.6,151.85,2014-12-19,17.7,24,30.8,25,18.1,25
-26.6,151.85,2014-12-20,0.0,24,29.9,25,17.9,25
-26.6,151.85,2014-12-21,3.3,24,28.1,25,19.2,25
-26.6,151.85,2014-12-22,0.0,24,28.5,25,17.7,25
-26.6,151.85,2014-12-23,0.0,24,27.5,25,12.7,25
-26.6,151.85,2014-12-24,0.0,24,30.9,25,15.8,25
-26.6,151.85,2014-12-25,0.0,24,31.0,25,16.3,25
-26.6,151.85,2014-12-26,0.0,24,28.2,25,20.1,25
-26.6,151.85,2014-12-27,4.4,24,23.7,25,20.1,25
-26.6,151.85,2014-12-28,4.8,24,26.5,25,17.7,25
-26.6,151.85,2014-12-29,4.0,24,28.4,25,19.8,25
-26.6,151.85,2014-12-30,0.0,24,33.4,25,21.1,25
-26.6,151.85,2014-12-31,0.0,24,35.2,25,18.5,25
-26.6,151.85,2015-01-01,0.4,24,31.9,25,20.0,25
-26.6,151.85,2015-01-02,1.7,24,30.4,25,18.3,25
-26.6,151.85,2015-01-03,6.3,24,27.5,25,20.1,25
-26.6,151.85,2015-01-04,10.2,24,28.3,25,18.4,25
-26.6,151.85,2015-01-05,0.0,24,25.7,25,16.4,25
-26.6,151.85,2015-01-06,1.3,24,27.9,25,18.9,25
-26.6,151.85,2015-01-07,1.6,24,25.8,25,16.8,25
-26.6,151.85,2015-01-08,0.6,24,26.8,25,15.2,25
-26.6,151.85,2015-01-09,0.1,24,31.1,25,16.3,25
-26.6,151.85,2015-01-10,0.0,24,30.7,25,16.9,25
-26.6,151.85,2015-01-11,0.0,24,31.6,25,17.0,25
-26.6,151.85,2015-01-12,0.0,24,29.5,25,21.0,25
-26.6,151.85,2015-01-13,0.0,24,29.8,25,20.6,25
-26.6,151.85,2015-01-14,11.0,24,27.7,25,20.0,25
-26.6,151.85,2015-01-15,18.0,24,31.9,25,20.9,25
-26.6,151.85,2015-01-16,0.1,24,34.3,25,18.3,25
-26.6,151.85,2015-01-17,0.0,24,35.3,25,19.1,25
-26.6,151.85,2015-01-18,0.0,24,35.5,25,16.6,25
-26.6,151.85,2015-01-19,0.0,24,34.1,25,20.4,25
-26.6,151.85,2015-01-20,0.0,24,29.2,25,19.4,25
-26.6,151.85,2015-01-21,8.2,24,28.1,25,16.7,25
-26.6,151.85,2015-01-22,0.1,24,23.9,25,19.4,25
-26.6,151.85,2015-01-23,18.2,24,27.7,25,19.2,25
-26.6,151.85,2015-01-24,6.9,24,28.2,25,18.1,25
-26.6,151.85,2015-01-25,0.8,24,34.6,25,21.0,25
-26.6,151.85,2015-01-26,0.0,24,33.7,25,20.7,25
-26.6,151.85,2015-01-27,8.6,24,30.4,25,20.4,25
-26.6,151.85,2015-01-28,37.1,24,22.1,25,18.1,25
-26.6,151.85,2015-01-29,0.0,24,27.4,25,16.8,25
-26.6,151.85,2015-01-30,0.1,24,29.2,25,16.5,25
-26.6,151.85,2015-01-31,0.0,24,31.9,25,16.8,25
-26.6,151.85,2015-02-01,0.0,24,31.8,25,14.6,25
-26.6,151.85,2015-02-02,0.0,24,30.9,25,16.7,25
-26.6,151.85,2015-02-03,0.7,24,25.5,25,17.7,25
-26.6,151.85,2015-02-04,0.2,24,28.3,25,15.3,25
-26.6,151.85,2015-02-05,0.0,24,26.8,25,15.5,25
-26.6,151.85,2015-02-06,0.4,24,27.0,25,16.2,25
-26.6,151.85,2015-02-07,0.0,24,28.6,25,14.9,25
-26.6,151.85,2015-02-08,0.0,24,30.6,25,15.0,25
-26.6,151.85,2015-02-09,0.0,24,29.8,25,14.3,25
-26.6,151.85,2015-02-10,0.0,24,27.6,25,17.7,25
-26.6,151.85,2015-02-11,0.2,24,27.2,25,17.4,25
-26.6,151.85,2015-02-12,0.0,24,29.2,25,18.0,25
-26.6,151.85,2015-02-13,0.2,24,28.6,25,17.4,25
-26.6,151.85,2015-02-14,0.8,24,28.3,25,16.1,25
-26.6,151.85,2015-02-15,0.0,24,29.9,25,14.6,25
-26.6,151.85,2015-02-16,0.0,24,29.3,25,14.5,25
-26.6,151.85,2015-02-17,0.0,24,28.6,25,16.0,25
-26.6,151.85,2015-02-18,0.0,24,28.0,25,17.9,25
-26.6,151.85,2015-02-19,4.1,24,23.6,25,20.1,25
-26.6,151.85,2015-02-20,22.8,24,24.8,25,19.6,25
-26.6,151.85,2015-02-21,41.3,24,25.3,25,19.2,25
-26.6,151.85,2015-02-22,3.8,24,30.3,25,17.3,25
-26.6,151.85,2015-02-23,0.0,24,30.8,25,20.3,25
-26.6,151.85,2015-02-24,0.0,24,29.0,25,19.7,25
-26.6,151.85,2015-02-25,0.0,24,29.3,25,19.1,25
-26.6,151.85,2015-02-26,0.0,24,29.7,25,16.7,25
-26.6,151.85,2015-02-27,21.2,24,30.0,25,17.8,25
-26.6,151.85,2015-02-28,0.2,24,29.9,25,17.7,25
-26.6,151.85,2015-03-01,0.0,24,30.8,25,18.1,25
-26.6,151.85,2015-03-02,0.0,24,30.3,25,21.0,25
-26.6,151.85,2015-03-03,0.0,24,28.9,25,18.3,25
-26.6,151.85,2015-03-04,0.0,24,31.1,25,14.4,25
-26.6,151.85,2015-03-05,0.0,24,35.6,25,19.1,25
-26.6,151.85,2015-03-06,0.0,24,29.8,25,18.2,25
-26.6,151.85,2015-03-07,0.0,24,30.8,25,15.3,25
-26.6,151.85,2015-03-08,0.0,24,30.8,25,17.1,25
-26.6,151.85,2015-03-09,0.0,24,31.5,25,17.8,25
-26.6,151.85,2015-03-10,0.0,24,30.9,25,17.9,25
-26.6,151.85,2015-03-11,0.0,24,29.2,25,17.5,25
-26.6,151.85,2015-03-12,0.0,24,28.8,25,18.1,25
-26.6,151.85,2015-03-13,0.0,24,28.6,25,14.2,25
-26.6,151.85,2015-03-14,1.3,24,27.7,25,15.5,25
-26.6,151.85,2015-03-15,0.0,24,30.6,25,10.7,25
-26.6,151.85,2015-03-16,0.0,24,28.3,25,14.3,25
-26.6,151.85,2015-03-17,0.0,24,27.8,25,14.0,25
-26.6,151.85,2015-03-18,0.0,24,29.6,25,13.8,25
-26.6,151.85,2015-03-19,0.0,24,35.9,25,16.4,25
-26.6,151.85,2015-03-20,0.0,24,37.1,25,17.2,25
-26.6,151.85,2015-03-21,0.0,24,27.9,25,21.8,25
-26.6,151.85,2015-03-22,10.1,24,28.3,25,18.0,25
-26.6,151.85,2015-03-23,1.2,24,27.6,25,17.5,25
-26.6,151.85,2015-03-24,0.0,24,30.1,25,15.9,25
-26.6,151.85,2015-03-25,0.0,24,32.4,25,19.6,25
-26.6,151.85,2015-03-26,0.0,24,31.5,25,19.2,25
-26.6,151.85,2015-03-27,2.7,24,30.7,25,18.1,25
-26.6,151.85,2015-03-28,0.0,24,30.0,25,16.6,25
-26.6,151.85,2015-03-29,0.0,24,28.3,25,16.9,25
-26.6,151.85,2015-03-30,0.0,24,26.9,25,14.5,25
-26.6,151.85,2015-03-31,0.2,24,24.7,25,17.0,25
-26.6,151.85,2015-04-01,0.1,24,21.7,25,15.8,25
-26.6,151.85,2015-04-02,1.8,24,25.3,25,17.1,25
-26.6,151.85,2015-04-03,9.9,24,26.2,25,19.0,25
-26.6,151.85,2015-04-04,1.4,24,26.8,25,18.5,25
-26.6,151.85,2015-04-05,6.7,24,26.2,25,18.2,25
-26.6,151.85,2015-04-06,0.0,24,29.5,25,11.4,25
-26.6,151.85,2015-04-07,5.0,24,26.1,25,17.4,25
-26.6,151.85,2015-04-08,2.0,24,23.1,25,7.7,25
-26.6,151.85,2015-04-09,0.0,24,25.1,25,5.7,25
-26.6,151.85,2015-04-10,0.0,24,23.3,25,8.3,25
-26.6,151.85,2015-04-11,0.0,24,24.6,25,12.4,25
-26.6,151.85,2015-04-12,0.0,24,27.0,25,10.3,25
-26.6,151.85,2015-04-13,0.0,24,26.0,25,10.0,25
-26.6,151.85,2015-04-14,0.0,24,25.7,25,12.8,25
-26.6,151.85,2015-04-15,0.0,24,25.9,25,10.3,25
-26.6,151.85,2015-04-16,0.0,24,26.7,25,10.1,25
-26.6,151.85,2015-04-17,0.0,24,27.1,25,10.4,25
-26.6,151.85,2015-04-18,0.4,24,25.6,25,13.9,25
-26.6,151.85,2015-04-19,1.7,24,27.1,25,16.8,25
-26.6,151.85,2015-04-20,6.0,24,17.1,25,16.3,25
-26.6,151.85,2015-04-21,4.6,24,17.9,25,4.7,25
-26.6,151.85,2015-04-22,0.0,24,21.0,25,3.1,25
-26.6,151.85,2015-04-23,0.0,24,23.5,25,4.7,25
-26.6,151.85,2015-04-24,0.0,24,26.0,25,8.1,25
-26.6,151.85,2015-04-25,0.0,24,27.4,25,6.9,25
-26.6,151.85,2015-04-26,0.0,24,20.1,25,9.1,25
-26.6,151.85,2015-04-27,0.0,24,22.6,25,3.8,25
-26.6,151.85,2015-04-28,0.0,24,23.9,25,4.4,25
-26.6,151.85,2015-04-29,0.0,24,22.5,25,9.0,25
-26.6,151.85,2015-04-30,5.4,24,15.1,25,13.2,25
-26.6,151.85,2015-05-01,51.5,24,16.2,25,13.3,25
-26.6,151.85,2015-05-02,31.7,24,21.1,25,10.9,25
-26.6,151.85,2015-05-03,0.0,24,23.5,25,11.2,25
-26.6,151.85,2015-05-04,0.2,24,26.1,25,11.4,25
-26.6,151.85,2015-05-05,0.0,24,26.5,25,10.6,25
-26.6,151.85,2015-05-06,0.2,24,27.8,25,9.4,25
-26.6,151.85,2015-05-07,0.0,24,23.1,25,5.2,25
-26.6,151.85,2015-05-08,0.0,24,22.0,25,6.1,25
-26.6,151.85,2015-05-09,0.0,24,21.0,25,1.7,25
-26.6,151.85,2015-05-10,0.0,24,22.5,25,2.6,25
-26.6,151.85,2015-05-11,0.0,24,22.4,25,2.5,25
-26.6,151.85,2015-05-12,0.0,24,23.4,25,3.7,25
-26.6,151.85,2015-05-13,0.0,24,21.6,25,3.2,25
-26.6,151.85,2015-05-14,0.0,24,16.4,25,4.8,25
-26.6,151.85,2015-05-15,0.0,24,19.8,25,-1.0,25
-26.6,151.85,2015-05-16,0.0,24,21.2,25,7.1,25
-26.6,151.85,2015-05-17,0.0,24,19.5,25,13.1,25
-26.6,151.85,2015-05-18,1.0,24,20.1,25,13.8,25
-26.6,151.85,2015-05-19,0.0,24,21.6,25,11.4,25
-26.6,151.85,2015-05-20,0.1,24,26.0,25,12.8,25
-26.6,151.85,2015-05-21,0.0,24,23.2,25,13.0,25
-26.6,151.85,2015-05-22,3.4,24,15.8,25,9.0,25
-26.6,151.85,2015-05-23,0.0,24,20.0,25,7.3,25
-26.6,151.85,2015-05-24,0.0,24,20.3,25,5.1,25
-26.6,151.85,2015-05-25,0.0,24,21.0,25,7.6,25
-26.6,151.85,2015-05-26,0.0,24,19.7,25,6.0,25
-26.6,151.85,2015-05-27,0.2,24,21.4,25,8.0,25
-26.6,151.85,2015-05-28,0.1,24,22.7,25,7.7,25
-26.6,151.85,2015-05-29,0.0,24,23.5,25,8.6,25
-26.6,151.85,2015-05-30,0.0,24,25.3,25,8.0,25
-26.6,151.85,2015-05-31,0.0,24,22.1,25,10.3,25
-26.6,151.85,2015-06-01,0.0,24,16.8,25,12.9,25
-26.6,151.85,2015-06-02,0.0,24,17.8,25,0.1,25
-26.6,151.85,2015-06-03,0.0,24,18.3,25,-1.3,25
-26.6,151.85,2015-06-04,0.0,24,20.1,25,0.6,25
-26.6,151.85,2015-06-05,0.0,24,18.2,25,-2.5,25
-26.6,151.85,2015-06-06,0.0,24,19.9,25,4.2,25
-26.6,151.85,2015-06-07,0.0,24,20.3,25,7.0,25
-26.6,151.85,2015-06-08,0.0,24,21.2,25,10.6,25
-26.6,151.85,2015-06-09,0.0,24,21.0,25,5.8,25
-26.6,151.85,2015-06-10,0.0,24,21.8,25,7.3,25
-26.6,151.85,2015-06-11,0.0,24,20.3,25,12.4,25
-26.6,151.85,2015-06-12,2.1,24,17.3,25,11.1,25
-26.6,151.85,2015-06-13,1.0,24,19.8,25,12.5,25
-26.6,151.85,2015-06-14,0.2,24,19.8,25,13.3,25
-26.6,151.85,2015-06-15,0.3,24,20.1,25,12.7,25
-26.6,151.85,2015-06-16,0.0,24,22.0,25,12.1,25
-26.6,151.85,2015-06-17,0.3,24,16.8,25,14.1,25
-26.6,151.85,2015-06-18,11.6,24,20.4,25,9.7,25
-26.6,151.85,2015-06-19,0.0,24,17.8,25,3.8,25
-26.6,151.85,2015-06-20,0.0,24,17.5,25,1.9,25
-26.6,151.85,2015-06-21,0.2,24,17.6,25,3.6,25
-26.6,151.85,2015-06-22,0.0,24,19.3,25,4.2,25
-26.6,151.85,2015-06-23,0.0,24,20.1,25,6.2,25
-26.6,151.85,2015-06-24,0.2,24,19.6,25,6.3,25
-26.6,151.85,2015-06-25,0.1,24,19.1,25,5.9,25
-26.6,151.85,2015-06-26,0.0,24,19.1,25,6.2,25
-26.6,151.85,2015-06-27,0.0,24,20.2,25,9.7,25
-26.6,151.85,2015-06-28,0.1,24,20.9,25,10.4,25
-26.6,151.85,2015-06-29,0.0,24,18.9,25,10.1,25
-26.6,151.85,2015-06-30,1.5,24,21.9,25,11.4,25
-26.6,151.85,2015-07-01,0.2,24,21.1,25,7.7,25
-26.6,151.85,2015-07-02,0.0,24,16.8,25,5.4,25
-26.6,151.85,2015-07-03,0.0,24,16.6,25,1.4,25
-26.6,151.85,2015-07-04,0.0,24,19.5,25,0.4,25
-26.6,151.85,2015-07-05,0.0,24,19.6,25,4.5,25
-26.6,151.85,2015-07-06,0.0,24,21.1,25,1.3,25
-26.6,151.85,2015-07-07,0.0,24,20.1,25,2.0,25
-26.6,151.85,2015-07-08,0.0,24,18.4,25,-1.1,25
-26.6,151.85,2015-07-09,0.0,24,19.3,25,8.8,25
-26.6,151.85,2015-07-10,0.1,24,19.4,25,2.9,25
-26.6,151.85,2015-07-11,0.0,24,19.2,25,8.1,25
-26.6,151.85,2015-07-12,0.2,24,14.3,25,6.2,25
-26.6,151.85,2015-07-13,0.0,24,14.9,25,-0.4,25
-26.6,151.85,2015-07-14,0.0,24,15.3,25,2.1,25
-26.6,151.85,2015-07-15,0.0,24,15.0,25,-2.6,25
-26.6,151.85,2015-07-16,0.0,24,16.3,25,-1.3,25
-26.6,151.85,2015-07-17,0.0,24,12.7,25,-2.2,25
-26.6,151.85,2015-07-18,0.0,24,15.0,25,0.0,25
-26.6,151.85,2015-07-19,0.0,24,17.5,25,-2.9,25
-26.6,151.85,2015-07-20,0.2,24,17.6,25,7.7,25
-26.6,151.85,2015-07-21,0.0,24,18.0,25,7.9,25
-26.6,151.85,2015-07-22,0.0,24,20.5,25,7.0,25
-26.6,151.85,2015-07-23,0.6,24,22.9,25,11.6,25
-26.6,151.85,2015-07-24,0.0,24,24.4,25,13.4,25
-26.6,151.85,2015-07-25,1.5,24,23.1,25,12.7,25
-26.6,151.85,2015-07-26,0.0,24,25.5,25,9.0,25
-26.6,151.85,2015-07-27,0.0,24,19.6,25,8.5,25
-26.6,151.85,2015-07-28,0.0,24,18.9,25,3.4,25
-26.6,151.85,2015-07-29,0.0,24,18.4,25,1.1,25
-26.6,151.85,2015-07-30,0.0,24,20.6,25,-0.8,25
-26.6,151.85,2015-07-31,0.0,24,22.5,25,1.5,25
-26.6,151.85,2015-08-01,0.0,24,23.4,25,-0.2,25
-26.6,151.85,2015-08-02,0.0,24,23.4,25,1.5,25
-26.6,151.85,2015-08-03,0.0,24,25.6,25,4.5,25
-26.6,151.85,2015-08-04,0.0,24,19.4,25,6.2,25
-26.6,151.85,2015-08-05,0.0,24,15.6,25,1.2,25
-26.6,151.85,2015-08-06,0.0,24,16.2,25,0.7,25
-26.6,151.85,2015-08-07,0.0,24,18.2,25,-1.6,25
-26.6,151.85,2015-08-08,0.0,24,19.3,25,-2.1,25
-26.6,151.85,2015-08-09,0.0,24,20.2,25,-1.1,25
-26.6,151.85,2015-08-10,0.0,24,22.4,25,0.7,25
-26.6,151.85,2015-08-11,0.0,24,24.9,25,0.1,25
-26.6,151.85,2015-08-12,0.0,24,25.6,25,6.7,25
-26.6,151.85,2015-08-13,5.0,24,18.7,25,5.3,25
-26.6,151.85,2015-08-14,0.0,24,20.9,25,-2.0,25
-26.6,151.85,2015-08-15,0.0,24,21.1,25,-1.0,25
-26.6,151.85,2015-08-16,0.0,24,20.8,25,1.6,25
-26.6,151.85,2015-08-17,0.2,24,21.8,25,4.2,25
-26.6,151.85,2015-08-18,0.0,24,21.5,25,1.1,25
-26.6,151.85,2015-08-19,0.0,24,21.2,25,0.4,25
-26.6,151.85,2015-08-20,0.0,24,21.9,25,7.3,25
-26.6,151.85,2015-08-21,0.0,24,21.1,25,10.9,25
-26.6,151.85,2015-08-22,4.5,24,24.6,25,13.7,25
-26.6,151.85,2015-08-23,31.8,24,22.6,25,14.7,25
-26.6,151.85,2015-08-24,0.0,24,24.2,25,15.5,25
-26.6,151.85,2015-08-25,5.8,24,24.7,25,13.4,25
-26.6,151.85,2015-08-26,0.0,24,25.4,25,12.6,25
-26.6,151.85,2015-08-27,0.1,24,20.7,25,11.9,25
-26.6,151.85,2015-08-28,2.2,24,22.0,25,13.1,25
-26.6,151.85,2015-08-29,0.0,24,20.3,25,8.5,25
-26.6,151.85,2015-08-30,23.7,24,18.6,25,10.3,25
-26.6,151.85,2015-08-31,0.0,24,19.9,25,1.6,25
-26.6,151.85,2015-09-01,0.0,24,22.2,25,1.1,25
-26.6,151.85,2015-09-02,0.0,24,25.0,25,1.7,25
-26.6,151.85,2015-09-03,5.1,24,22.3,25,14.8,25
-26.6,151.85,2015-09-04,0.1,24,21.6,25,7.6,25
-26.6,151.85,2015-09-05,0.0,24,22.6,25,5.6,25
-26.6,151.85,2015-09-06,0.0,24,22.5,25,7.4,25
-26.6,151.85,2015-09-07,0.0,24,23.9,25,8.0,25
-26.6,151.85,2015-09-08,0.0,24,24.4,25,11.6,25
-26.6,151.85,2015-09-09,0.0,24,21.6,25,4.0,25
-26.6,151.85,2015-09-10,0.0,24,22.3,25,2.8,25
-26.6,151.85,2015-09-11,0.0,24,20.7,25,8.5,25
-26.6,151.85,2015-09-12,2.0,24,21.6,25,9.6,25
-26.6,151.85,2015-09-13,0.0,24,23.6,25,7.4,25
-26.6,151.85,2015-09-14,0.0,24,23.7,25,6.2,25
-26.6,151.85,2015-09-15,0.0,24,24.7,25,6.2,25
-26.6,151.85,2015-09-16,0.0,24,27.1,25,9.6,25
-26.6,151.85,2015-09-17,0.0,24,22.8,25,10.5,25
-26.6,151.85,2015-09-18,5.3,24,21.3,25,4.7,25
-26.6,151.85,2015-09-19,0.0,24,22.1,25,8.3,25
-26.6,151.85,2015-09-20,0.0,24,23.4,25,8.4,25
-26.6,151.85,2015-09-21,0.0,24,22.3,25,11.0,25
-26.6,151.85,2015-09-22,0.5,24,27.2,25,7.8,25
-26.6,151.85,2015-09-23,0.0,24,20.6,25,5.6,25
-26.6,151.85,2015-09-24,0.0,24,21.1,25,4.8,25
-26.6,151.85,2015-09-25,0.0,24,21.6,25,1.6,25
-26.6,151.85,2015-09-26,0.0,24,22.7,25,4.3,25
-26.6,151.85,2015-09-27,0.0,24,23.1,25,8.8,25
-26.6,151.85,2015-09-28,0.3,24,25.4,25,4.4,25
-26.6,151.85,2015-09-29,0.0,24,26.4,25,8.6,25
-26.6,151.85,2015-09-30,1.6,24,27.2,25,6.4,25
-26.6,151.85,2015-10-01,1.0,24,26.8,25,8.9,25
-26.6,151.85,2015-10-02,4.8,24,27.2,25,7.5,25
-26.6,151.85,2015-10-03,0.0,24,27.1,25,7.9,25
-26.6,151.85,2015-10-04,0.0,24,29.8,25,5.5,25
-26.6,151.85,2015-10-05,0.0,24,32.4,25,6.2,25
-26.6,151.85,2015-10-06,0.0,24,30.8,25,5.7,25
-26.6,151.85,2015-10-07,0.0,24,30.2,25,5.6,25
-26.6,151.85,2015-10-08,0.0,24,26.1,25,14.7,25
-26.6,151.85,2015-10-09,2.2,24,23.0,25,15.7,25
-26.6,151.85,2015-10-10,0.1,24,24.6,25,11.3,25
-26.6,151.85,2015-10-11,0.0,24,25.6,25,7.2,25
-26.6,151.85,2015-10-12,0.0,24,28.6,25,8.3,25
-26.6,151.85,2015-10-13,0.0,24,30.9,25,10.4,25
-26.6,151.85,2015-10-14,0.8,24,24.2,25,15.7,25
-26.6,151.85,2015-10-15,18.1,24,26.2,25,14.6,25
-26.6,151.85,2015-10-16,0.6,24,26.1,25,11.2,25
-26.6,151.85,2015-10-17,0.0,24,27.9,25,10.2,25
-26.6,151.85,2015-10-18,0.0,24,27.3,25,11.4,25
-26.6,151.85,2015-10-19,0.0,24,26.2,25,9.9,25
-26.6,151.85,2015-10-20,0.0,24,27.4,25,9.6,25
-26.6,151.85,2015-10-21,0.0,24,28.2,25,8.8,25
-26.6,151.85,2015-10-22,0.0,24,30.5,25,14.6,25
-26.6,151.85,2015-10-23,3.6,24,30.3,25,12.1,25
-26.6,151.85,2015-10-24,0.0,24,24.1,25,16.1,25
-26.6,151.85,2015-10-25,0.0,24,27.1,25,14.6,25
-26.6,151.85,2015-10-26,2.2,24,29.6,25,15.3,25
-26.6,151.85,2015-10-27,15.0,24,30.1,25,14.5,25
-26.6,151.85,2015-10-28,15.4,24,23.4,25,17.0,25
-26.6,151.85,2015-10-29,17.3,24,20.3,25,15.5,25
-26.6,151.85,2015-10-30,2.8,24,23.4,25,15.3,25
-26.6,151.85,2015-10-31,0.2,24,25.5,25,11.2,25
-26.6,151.85,2015-11-01,0.0,24,25.6,25,12.0,25
-26.6,151.85,2015-11-02,0.0,24,27.4,25,16.5,25
-26.6,151.85,2015-11-03,0.0,24,31.2,25,14.2,25
-26.6,151.85,2015-11-04,0.0,24,31.0,25,18.9,25
-26.6,151.85,2015-11-05,0.0,24,31.1,25,17.5,25
-26.6,151.85,2015-11-06,36.8,24,30.5,25,16.6,25
-26.6,151.85,2015-11-07,7.4,24,30.8,25,16.4,25
-26.6,151.85,2015-11-08,8.6,24,26.2,25,16.0,25
-26.6,151.85,2015-11-09,0.0,24,23.2,25,16.2,25
-26.6,151.85,2015-11-10,0.3,24,27.3,25,14.8,25
-26.6,151.85,2015-11-11,0.0,24,25.4,25,13.0,25
-26.6,151.85,2015-11-12,0.0,24,26.6,25,12.6,25
-26.6,151.85,2015-11-13,0.0,24,27.8,25,17.0,25
-26.6,151.85,2015-11-14,0.0,24,30.4,25,18.4,25
-26.6,151.85,2015-11-15,48.0,24,26.4,25,16.8,25
-26.6,151.85,2015-11-16,0.1,24,23.5,25,15.3,25
-26.6,151.85,2015-11-17,0.0,24,24.6,25,15.1,25
-26.6,151.85,2015-11-18,0.0,24,28.4,25,10.5,25
-26.6,151.85,2015-11-19,0.0,24,33.2,25,12.8,25
-26.6,151.85,2015-11-20,0.0,24,33.2,25,14.0,25
-26.6,151.85,2015-11-21,0.0,24,34.7,25,14.3,25
-26.6,151.85,2015-11-22,0.0,24,28.4,25,19.9,25
-26.6,151.85,2015-11-23,0.2,24,31.3,25,19.0,25
-26.6,151.85,2015-11-24,0.1,24,32.3,25,16.6,25
-26.6,151.85,2015-11-25,4.7,24,30.5,25,19.4,25
-26.6,151.85,2015-11-26,0.0,24,32.1,25,18.5,25
-26.6,151.85,2015-11-27,0.0,24,34.2,25,19.8,25
-26.6,151.85,2015-11-28,14.8,24,30.8,25,17.3,25
-26.6,151.85,2015-11-29,8.7,24,30.2,25,19.0,25
-26.6,151.85,2015-11-30,0.0,24,30.4,25,19.0,25
-26.6,151.85,2015-12-01,11.0,24,28.4,25,19.1,25
-26.6,151.85,2015-12-02,0.6,24,23.6,25,20.4,25
-26.6,151.85,2015-12-03,11.8,24,26.1,25,16.0,25
-26.6,151.85,2015-12-04,0.0,24,25.8,25,13.9,25
-26.6,151.85,2015-12-05,0.0,24,26.9,25,12.6,25
-26.6,151.85,2015-12-06,0.0,24,27.9,25,14.0,25
-26.6,151.85,2015-12-07,0.0,24,29.3,25,12.7,25
-26.6,151.85,2015-12-08,0.0,24,29.6,25,16.8,25
-26.6,151.85,2015-12-09,0.0,24,29.9,25,18.2,25
-26.6,151.85,2015-12-10,0.0,24,31.1,25,19.5,25
-26.6,151.85,2015-12-11,9.5,24,33.6,25,18.4,25
-26.6,151.85,2015-12-12,45.8,24,20.8,25,18.2,25
-26.6,151.85,2015-12-13,10.8,24,23.1,25,15.1,25
-26.6,151.85,2015-12-14,0.9,24,28.6,25,13.9,25
-26.6,151.85,2015-12-15,0.0,24,30.3,25,14.1,25
-26.6,151.85,2015-12-16,0.0,24,23.0,25,16.8,25
-26.6,151.85,2015-12-17,0.1,24,27.5,25,14.5,25
-26.6,151.85,2015-12-18,0.0,24,28.0,25,15.4,25
-26.6,151.85,2015-12-19,0.0,24,28.8,25,12.3,25
-26.6,151.85,2015-12-20,0.0,24,28.4,25,13.3,25
-26.6,151.85,2015-12-21,0.0,24,30.3,25,14.6,25
-26.6,151.85,2015-12-22,0.0,24,30.5,25,16.8,25
-26.6,151.85,2015-12-23,0.0,24,30.6,25,15.6,25
-26.6,151.85,2015-12-24,10.0,24,23.6,25,18.3,25
-26.6,151.85,2015-12-25,1.4,24,27.9,25,17.5,25
-26.6,151.85,2015-12-26,0.0,24,31.3,25,16.7,25
-26.6,151.85,2015-12-27,5.6,24,26.9,25,20.2,25
-26.6,151.85,2015-12-28,1.2,24,24.8,25,17.8,25
-26.6,151.85,2015-12-29,0.0,24,25.8,25,15.3,25
-26.6,151.85,2015-12-30,0.0,24,27.5,25,12.9,25
-26.6,151.85,2015-12-31,0.0,24,28.0,25,13.3,25
-26.6,151.85,2016-01-01,0.0,24,28.8,25,12.3,25
-26.6,151.85,2016-01-02,0.0,24,30.5,25,14.1,25
-26.6,151.85,2016-01-03,1.4,24,26.0,25,17.6,25
-26.6,151.85,2016-01-04,5.6,24,23.1,25,17.4,25
-26.6,151.85,2016-01-05,26.2,24,24.0,25,17.0,25
-26.6,151.85,2016-01-06,23.8,24,28.0,25,15.0,25
-26.6,151.85,2016-01-07,0.0,24,30.2,25,15.4,25
-26.6,151.85,2016-01-08,0.0,24,29.0,25,18.2,25
-26.6,151.85,2016-01-09,0.0,24,29.4,25,16.9,25
-26.6,151.85,2016-01-10,0.2,24,30.4,25,16.0,25
-26.6,151.85,2016-01-11,0.0,24,31.3,25,15.6,25
-26.6,151.85,2016-01-12,0.0,24,33.4,25,16.8,25
-26.6,151.85,2016-01-13,0.0,24,33.3,25,16.9,25
-26.6,151.85,2016-01-14,0.0,24,31.8,25,14.7,25
-26.6,151.85,2016-01-15,0.0,24,32.4,25,19.1,25
-26.6,151.85,2016-01-16,0.0,24,21.8,25,17.5,25
-26.6,151.85,2016-01-17,1.4,24,27.5,25,13.6,25
-26.6,151.85,2016-01-18,0.0,24,27.2,25,13.6,25
-26.6,151.85,2016-01-19,0.0,24,29.4,25,12.0,25
-26.6,151.85,2016-01-20,0.0,24,31.8,25,13.9,25
-26.6,151.85,2016-01-21,0.0,24,32.7,25,14.2,25
-26.6,151.85,2016-01-22,0.0,24,33.3,25,16.0,25
-26.6,151.85,2016-01-23,0.0,24,34.2,25,19.9,25
-26.6,151.85,2016-01-24,0.0,24,31.7,25,19.4,25
-26.6,151.85,2016-01-25,0.0,24,31.9,25,18.2,25
-26.6,151.85,2016-01-26,18.0,24,29.2,25,19.8,25
-26.6,151.85,2016-01-27,2.1,24,27.3,25,18.4,25
-26.6,151.85,2016-01-28,0.0,24,29.0,25,19.2,25
-26.6,151.85,2016-01-29,21.7,24,32.3,25,20.5,25
-26.6,151.85,2016-01-30,42.9,24,28.4,25,20.9,25
-26.6,151.85,2016-01-31,2.4,24,29.8,25,20.6,25
-26.6,151.85,2016-02-01,0.0,24,33.7,25,20.0,25
-26.6,151.85,2016-02-02,0.0,24,32.8,25,20.8,25
-26.6,151.85,2016-02-03,15.2,24,30.5,25,20.6,25
-26.6,151.85,2016-02-04,15.8,24,29.5,25,21.4,25
-26.6,151.85,2016-02-05,6.8,24,23.3,25,18.6,25
-26.6,151.85,2016-02-06,1.3,24,25.8,25,18.8,25
-26.6,151.85,2016-02-07,0.6,24,26.6,25,19.5,25
-26.6,151.85,2016-02-08,0.1,24,28.0,25,17.4,25
-26.6,151.85,2016-02-09,0.0,24,28.2,25,15.1,25
-26.6,151.85,2016-02-10,0.0,24,28.3,25,15.8,25
-26.6,151.85,2016-02-11,0.0,24,29.3,25,16.4,25
-26.6,151.85,2016-02-12,0.0,24,28.9,25,16.2,25
-26.6,151.85,2016-02-13,0.0,24,27.9,25,15.6,25
-26.6,151.85,2016-02-14,0.0,24,31.1,25,15.8,25
-26.6,151.85,2016-02-15,0.0,24,33.1,25,14.2,25
-26.6,151.85,2016-02-16,0.0,24,36.2,25,15.2,25
-26.6,151.85,2016-02-17,0.0,24,34.4,25,18.1,25
-26.6,151.85,2016-02-18,0.0,24,32.9,25,21.1,25
-26.6,151.85,2016-02-19,0.2,24,31.9,25,18.6,25
-26.6,151.85,2016-02-20,18.7,24,28.4,25,18.6,25
-26.6,151.85,2016-02-21,0.0,24,28.3,25,17.8,25
-26.6,151.85,2016-02-22,0.0,24,28.4,25,18.6,25
-26.6,151.85,2016-02-23,0.0,24,28.3,25,15.9,25
-26.6,151.85,2016-02-24,0.0,24,29.5,25,15.7,25
-26.6,151.85,2016-02-25,0.0,24,30.6,25,15.9,25
-26.6,151.85,2016-02-26,0.0,24,35.4,25,15.2,25
-26.6,151.85,2016-02-27,0.0,24,32.6,25,16.7,25
-26.6,151.85,2016-02-28,0.0,24,31.2,25,19.1,25
-26.6,151.85,2016-02-29,0.0,24,30.0,25,19.7,25
-26.6,151.85,2016-03-01,0.0,24,29.7,25,19.8,25
-26.6,151.85,2016-03-02,0.0,24,30.7,25,20.2,25
-26.6,151.85,2016-03-03,0.1,24,30.3,25,19.2,25
-26.6,151.85,2016-03-04,0.0,24,28.2,25,16.8,25
-26.6,151.85,2016-03-05,0.0,24,28.4,25,15.9,25
-26.6,151.85,2016-03-06,0.0,24,28.6,25,18.7,25
-26.6,151.85,2016-03-07,0.7,24,25.7,25,18.5,25
-26.6,151.85,2016-03-08,1.2,24,29.4,25,16.2,25
-26.6,151.85,2016-03-09,0.3,24,30.7,25,16.1,25
-26.6,151.85,2016-03-10,0.0,24,30.4,25,17.3,25
-26.6,151.85,2016-03-11,0.2,24,30.7,25,18.8,25
-26.6,151.85,2016-03-12,0.0,24,30.3,25,18.2,25
-26.6,151.85,2016-03-13,0.0,24,29.1,25,19.3,25
-26.6,151.85,2016-03-14,2.6,24,30.0,25,18.8,25
-26.6,151.85,2016-03-15,0.0,24,29.6,25,17.1,25
-26.6,151.85,2016-03-16,0.0,24,29.3,25,19.2,25
-26.6,151.85,2016-03-17,0.0,24,29.1,25,19.5,25
-26.6,151.85,2016-03-18,0.0,24,32.0,25,15.9,25
-26.6,151.85,2016-03-19,13.6,24,31.8,25,20.1,25
-26.6,151.85,2016-03-20,0.0,24,29.8,25,20.2,25
-26.6,151.85,2016-03-21,0.4,24,29.0,25,18.6,25
-26.6,151.85,2016-03-22,10.0,24,26.9,25,16.7,25
-26.6,151.85,2016-03-23,4.7,24,27.6,25,14.2,25
-26.6,151.85,2016-03-24,0.1,24,28.8,25,17.2,25
-26.6,151.85,2016-03-25,0.0,24,28.9,25,15.4,25
-26.6,151.85,2016-03-26,0.0,24,29.6,25,14.3,25
-26.6,151.85,2016-03-27,24.7,24,22.6,25,18.0,25
-26.6,151.85,2016-03-28,8.4,24,27.4,25,14.7,25
-26.6,151.85,2016-03-29,0.2,24,29.0,25,14.8,25
-26.6,151.85,2016-03-30,0.0,24,28.1,25,17.0,25
-26.6,151.85,2016-03-31,0.0,24,29.2,25,17.4,25
-26.6,151.85,2016-04-01,0.0,24,28.6,25,15.8,25
-26.6,151.85,2016-04-02,0.0,24,30.3,25,13.5,25
-26.6,151.85,2016-04-03,0.0,24,30.1,25,14.4,25
-26.6,151.85,2016-04-04,0.0,24,27.6,25,15.7,25
-26.6,151.85,2016-04-05,0.0,24,27.1,25,15.2,25
-26.6,151.85,2016-04-06,0.0,24,28.4,25,12.0,25
-26.6,151.85,2016-04-07,0.0,24,30.4,25,12.3,25
-26.6,151.85,2016-04-08,0.0,24,28.2,25,13.4,25
-26.6,151.85,2016-04-09,0.0,24,28.8,25,13.7,25
-26.6,151.85,2016-04-10,0.0,24,29.6,25,13.7,25
-26.6,151.85,2016-04-11,0.0,24,27.5,25,16.8,25
-26.6,151.85,2016-04-12,0.4,24,27.9,25,15.8,25
-26.6,151.85,2016-04-13,4.9,24,25.9,25,15.5,25
-26.6,151.85,2016-04-14,0.0,24,24.8,25,14.0,25
-26.6,151.85,2016-04-15,0.1,24,25.8,25,14.1,25
-26.6,151.85,2016-04-16,0.0,24,25.7,25,10.7,25
-26.6,151.85,2016-04-17,0.0,24,26.6,25,12.1,25
-26.6,151.85,2016-04-18,0.0,24,26.2,25,11.6,25
-26.6,151.85,2016-04-19,0.0,24,26.8,25,11.5,25
-26.6,151.85,2016-04-20,0.0,24,27.5,25,12.0,25
-26.6,151.85,2016-04-21,0.0,24,27.7,25,14.5,25
-26.6,151.85,2016-04-22,0.0,24,28.3,25,12.6,25
-26.6,151.85,2016-04-23,0.0,24,27.9,25,11.9,25
-26.6,151.85,2016-04-24,0.0,24,25.7,25,9.8,25
-26.6,151.85,2016-04-25,0.0,24,25.0,25,11.2,25
-26.6,151.85,2016-04-26,0.0,24,23.8,25,14.2,25
-26.6,151.85,2016-04-27,0.0,24,24.4,25,14.7,25
-26.6,151.85,2016-04-28,0.0,24,26.1,25,14.5,25
-26.6,151.85,2016-04-29,0.0,24,24.1,25,13.5,25
-26.6,151.85,2016-04-30,0.1,24,28.5,25,15.0,25
-26.6,151.85,2016-05-01,0.0,24,28.3,25,16.2,25
-26.6,151.85,2016-05-02,0.0,24,28.7,25,16.2,25
-26.6,151.85,2016-05-03,3.4,24,26.5,25,15.0,25
-26.6,151.85,2016-05-04,0.0,24,26.5,25,14.7,25
-26.6,151.85,2016-05-05,0.0,24,26.1,25,7.1,25
-26.6,151.85,2016-05-06,0.0,24,25.9,25,9.0,25
-26.6,151.85,2016-05-07,0.0,24,25.3,25,9.2,25
-26.6,151.85,2016-05-08,0.0,24,25.7,25,10.1,25
-26.6,151.85,2016-05-09,0.0,24,27.5,25,12.9,25
-26.6,151.85,2016-05-10,0.0,24,24.5,25,16.1,25
-26.6,151.85,2016-05-11,0.0,24,21.4,25,12.5,25
-26.6,151.85,2016-05-12,0.0,24,23.1,25,0.7,25
-26.6,151.85,2016-05-13,0.0,24,26.1,25,3.9,25
-26.6,151.85,2016-05-14,0.0,24,25.1,25,4.7,25
-26.6,151.85,2016-05-15,0.0,24,25.4,25,5.3,25
-26.6,151.85,2016-05-16,0.0,24,27.0,25,4.7,25
-26.6,151.85,2016-05-17,0.0,24,26.9,25,6.8,25
-26.6,151.85,2016-05-18,0.0,24,27.0,25,7.7,25
-26.6,151.85,2016-05-19,0.0,24,26.3,25,9.0,25
-26.6,151.85,2016-05-20,0.0,24,26.5,25,6.4,25
-26.6,151.85,2016-05-21,0.0,24,24.7,25,6.0,25
-26.6,151.85,2016-05-22,0.0,24,24.2,25,15.0,25
-26.6,151.85,2016-05-23,0.0,24,26.4,25,7.9,25
-26.6,151.85,2016-05-24,0.0,24,26.4,25,8.8,25
-26.6,151.85,2016-05-25,0.0,24,26.9,25,2.3,25
-26.6,151.85,2016-05-26,0.0,24,28.3,25,2.2,25
-26.6,151.85,2016-05-27,0.6,24,22.5,25,14.6,25
-26.6,151.85,2016-05-28,0.1,24,20.1,25,3.5,25
-26.6,151.85,2016-05-29,0.0,24,18.4,25,0.8,25
-26.6,151.85,2016-05-30,0.0,24,21.8,25,-1.8,25
-26.6,151.85,2016-05-31,0.0,24,22.5,25,3.1,25
-26.6,151.85,2016-06-01,0.0,24,17.9,25,12.6,25
-26.6,151.85,2016-06-02,0.0,24,18.9,25,12.1,25
-26.6,151.85,2016-06-03,3.9,24,20.0,25,12.8,25
-26.6,151.85,2016-06-04,13.9,24,18.4,25,15.3,25
-26.6,151.85,2016-06-05,8.3,24,14.5,25,9.5,25
-26.6,151.85,2016-06-06,0.0,24,16.2,25,8.2,25
-26.6,151.85,2016-06-07,0.0,24,18.9,25,2.8,25
-26.6,151.85,2016-06-08,0.0,24,21.3,25,2.1,25
-26.6,151.85,2016-06-09,0.0,24,29.3,25,5.4,25
-26.6,151.85,2016-06-10,0.0,24,22.6,25,9.4,25
-26.6,151.85,2016-06-11,0.0,24,21.4,25,4.3,25
-26.6,151.85,2016-06-12,0.0,24,17.4,25,5.1,25
-26.6,151.85,2016-06-13,0.1,24,18.1,25,10.8,25
-26.6,151.85,2016-06-14,0.0,24,20.9,25,12.6,25
-26.6,151.85,2016-06-15,0.1,24,19.2,25,11.8,25
-26.6,151.85,2016-06-16,0.4,24,16.9,25,9.4,25
-26.6,151.85,2016-06-17,1.8,24,20.1,25,7.4,25
-26.6,151.85,2016-06-18,0.0,24,22.8,25,10.0,25
-26.6,151.85,2016-06-19,0.0,24,19.1,25,15.4,25
-26.6,151.85,2016-06-20,45.3,24,17.4,25,10.8,25
-26.6,151.85,2016-06-21,0.0,24,18.1,25,6.7,25
-26.6,151.85,2016-06-22,0.0,24,19.9,25,6.0,25
-26.6,151.85,2016-06-23,0.0,24,19.5,25,10.1,25
-26.6,151.85,2016-06-24,0.1,24,20.4,25,12.1,25
-26.6,151.85,2016-06-25,0.0,24,14.8,25,4.9,25
-26.6,151.85,2016-06-26,0.0,24,16.3,25,-2.6,25
-26.6,151.85,2016-06-27,1.8,24,13.6,25,5.9,25
-26.6,151.85,2016-06-28,0.9,24,13.8,25,4.1,25
-26.6,151.85,2016-06-29,0.0,24,18.6,25,-0.1,25
-26.6,151.85,2016-06-30,0.0,24,20.4,25,-0.5,25
